Broker,Date,Value
RE/MAX Excellence,Jan-31-2025,205
RE/MAX Vision Realty,Jan-31-2025,11
RE/MAX Real Estate,Jan-31-2025,156
Initia Real Estate,Jan-31-2025,302
Exp Realty,Jan-31-2025,478
Homes & Gardens Real Estate Limited,Jan-31-2025,170
MaxWell Polaris,Jan-31-2025,366
RE/MAX River City,Jan-31-2025,211
Ritchie Bros. Real Estate Services Ltd,Jan-31-2025,2
Real Broker,Jan-31-2025,203
Century 21 Quantum Realty,Jan-31-2025,23
Sterling Real Estate,Jan-31-2025,105
Royal LePage Gateway Realty,Jan-31-2025,23
Diya Real Estate,Jan-31-2025,10
MaxWell Challenge Realty,Jan-31-2025,106
Sable Realty,Jan-31-2025,29
Royal LePage Noralta Real Estate,Jan-31-2025,182
Royal Lepage Premier Real Estate,Jan-31-2025,25
Local Real Estate,Jan-31-2025,15
NOW Real Estate Group,Jan-31-2025,74
Royal Lepage Arteam Realty,Jan-31-2025,153
Alta-Pro Realty,Jan-31-2025,9
Divine Realty,Jan-31-2025,3
2% Realty Pro,Jan-31-2025,24
HouseSigma Inc,Jan-31-2025,2
MaxWell Progressive,Jan-31-2025,107
Realty Focus,Jan-31-2025,12
Logic Realty,Jan-31-2025,49
MaxWell Reliant Realty,Jan-31-2025,1
MaxWell Devonshire Realty,Jan-31-2025,109
Hope Street Real Estate Corp,Jan-31-2025,5
Century 21 Leading,Jan-31-2025,56
PREP Realty,Jan-31-2025,7
Mozaic Realty Group,Jan-31-2025,35
Grassroots Realty Group,Jan-31-2025,19
Venus Realty,Jan-31-2025,27
The E Group Real Estate,Jan-31-2025,21
NAI Commercial Real Estate Inc,Jan-31-2025,28
Northfield Commercial,Jan-31-2025,3
Rite Realty,Jan-31-2025,25
Blackmore Real Estate,Jan-31-2025,23
CIR Realty,Jan-31-2025,24
Century 21 Masters,Jan-31-2025,141
Zolo Realty,Jan-31-2025,6
Wahi Realty Inc.,Jan-31-2025,1
Maxwell Heritage Realty,Jan-31-2025,13
Royal Lepage Benchmark,Jan-31-2025,3
B.L.M. REALTY,Jan-31-2025,3
2% Realty,Jan-31-2025,5
Sweetly,Jan-31-2025,43
Greater Property Group,Jan-31-2025,15
Century 21 All Stars Realty Ltd,Jan-31-2025,97
RE/MAX Grande Prairie,Jan-31-2025,3
Century 21 Smart Realty,Jan-31-2025,41
One Percent Realty,Jan-31-2025,12
Property Plus Realty Ltd.,Jan-31-2025,4
Century 21 Hi-Point Realty Ltd,Jan-31-2025,11
RE/MAX Elite,Jan-31-2025,195
Re/Max Real Estate Central,Jan-31-2025,6
Century 21 Signature Realty,Jan-31-2025,22
Maxwell Excel Realty,Jan-31-2025,7
The Good Real Estate Company,Jan-31-2025,32
Antoniuk Real Estate Ltd,Jan-31-2025,2
Bermont Realty (1983) Ltd,Jan-31-2025,9
Houseful,Jan-31-2025,1
Realty Unleashed Inc,Jan-31-2025,4
Front Door Real Estate,Jan-31-2025,4
Nationwide Realty Corp,Jan-31-2025,1
Liv Real Estate,Jan-31-2025,54
Save Max Edge,Jan-31-2025,27
MaxWell Canyon Creek,Jan-31-2025,4
Royal LePage METRO,Jan-31-2025,33
RE/MAX PREFERRED CHOICE,Jan-31-2025,29
KIC Realty,Jan-31-2025,15
SkaiRise Realty,Jan-31-2025,3
Century 21 Bravo Realty,Jan-31-2025,14
MaxWell Central,Jan-31-2025,4
Aban Realty and Management Ltd,Jan-31-2025,1
Capcity Realty Group,Jan-31-2025,2
Professional Realty Group,Jan-31-2025,26
YEGPro Realty,Jan-31-2025,23
Coldwell Banker Mountain Central,Jan-31-2025,20
Royal Lepage Magna,Jan-31-2025,27
Grand Realty,Jan-31-2025,13
RE/MAX Platinum Realty,Jan-31-2025,12
Century 21 Bamber Realty Ltd,Jan-31-2025,4
Century 21 ALL Stars Realty Ltd,Jan-31-2025,97
Moore's Realty Ltd.,Jan-31-2025,4
Schmidt Realty Group Inc,Jan-31-2025,27
RE/MAX Rental Advisors,Jan-31-2025,8
RE/MAX Discover,Jan-31-2025,8
Anna Bello Realty,Jan-31-2025,1
Zenith Asset Management Group,Jan-31-2025,1
Royal LePage Prestige Realty,Jan-31-2025,36
MORE Real Estate,Jan-31-2025,12
Tactic Realty,Jan-31-2025,3
REW Realty,Jan-31-2025,1
The Foundry Real Estate Company Ltd,Jan-31-2025,22
Century 21 Reward Realty,Jan-31-2025,8
Spalk Real Estate,Jan-31-2025,15
Lux Real Estate Inc,Jan-31-2025,9
Canadian Real Estate Service,Jan-31-2025,3
REVERE,Jan-31-2025,3
McLeod Realty & Management LTD,Jan-31-2025,10
RIGHT Real Estate,Jan-31-2025,5
Park Realty,Jan-31-2025,4
Keylo.ca,Jan-31-2025,2
Sutton Premiere Real Estate,Jan-31-2025,4
Century 21 Alta,Jan-31-2025,4
Sarasota Realty,Jan-31-2025,7
RE/MAX Professionals,Jan-31-2025,35
Century 21 Urban Realty,Jan-31-2025,10
Carton Realty Ltd,Jan-31-2025,3
Rimrock Real Estate,Jan-31-2025,19
Royal LePage Solutions,Jan-31-2025,3
Dreamhouse Realty Ltd.,Jan-31-2025,5
Infinite Realty Service,Jan-31-2025,4
Red Key Realty & Property Management,Jan-31-2025,3
The Agency North Central Alberta,Jan-31-2025,11
ARIVL,Jan-31-2025,4
Libertas Property Mgmt Inc,Jan-31-2025,3
RE/MAX Results,Jan-31-2025,7
Maxwell Capital Realty,Jan-31-2025,3
Best Step Real Estate Services,Jan-31-2025,4
Dale Real Estate (St. Paul) Ltd.,Jan-31-2025,3
NuCasa Realty Group Ltd,Jan-31-2025,4
Re/Max Crown,Jan-31-2025,3
Netmore4u Realty Inc.,Jan-31-2025,1
LMC Real Estate Inc,Jan-31-2025,1
Exit Realty Results,Jan-31-2025,1
Brilliant Realty,Jan-31-2025,1
RAE Test Office,Jan-31-2025,4
Kairali Realty Inc.,Jan-31-2025,7
178 Real Estate Inc.,Jan-31-2025,1
Signature Edge Realty International,Jan-31-2025,1
People 1st Realty,Jan-31-2025,5
Realty Advisors Alberta,Jan-31-2025,2
Royal Lepage Summit Realty,Jan-31-2025,17
RE/MAX Cascade Realty,Jan-31-2025,3
City Commercial,Jan-31-2025,2
Lange Realty Ltd,Jan-31-2025,5
Realty Canada Inc,Jan-31-2025,3
Your Home Sold Guaranteed Realty YEG,Jan-31-2025,2
ComFree,Jan-31-2025,2
Citation Real Estate,Jan-31-2025,1
Latitude Real Estate Group,Jan-31-2025,5
Rimrock Property Management Ltd,Jan-31-2025,3
AB Realty Ltd,Jan-31-2025,3
Royal Lepage Parkland Agencies,Jan-31-2025,7
MaxWell Horizon,Jan-31-2025,1
2% Realty Edge AB,Jan-31-2025,12
PG Direct Realty Ltd.,Jan-31-2025,2
SmartWAY Real Estate,Jan-31-2025,2
Method Realty,Jan-31-2025,5
MyVic Real Estate,Jan-31-2025,2
Sotheby's International Realty Canada,Jan-31-2025,4
Digger Real Estate Inc.,Jan-31-2025,7
Acquire Real Estate Group,Jan-31-2025,1
Save Max Real Estate Inc.,Jan-31-2025,2
Creekside Realty,Jan-31-2025,2
Royal Lepage Northern Lights Realty,Jan-31-2025,14
Canwest Management & Realty Inc,Jan-31-2025,2
Homelife Guaranteed Realty,Jan-31-2025,4
My Move Realty,Jan-31-2025,1
Pine Real Estate Brokerage,Jan-31-2025,1
RE/MAX Bonnyville Realty,Jan-31-2025,9
Together Real Estate Ltd.,Jan-31-2025,3
Coldwell Banker Lifestyle,Jan-31-2025,10
Revolution Property Management and Real Estate,Jan-31-2025,2
Prairie Rose Realty,Jan-31-2025,2
Norma Fersovich Real Estate,Jan-31-2025,1
Manhattan Realty Inc,Jan-31-2025,1
Prospera Property Services,Jan-31-2025,1
Argus Realty & Investment Ltd,Jan-31-2025,1
Cornerstone Management,Jan-31-2025,3
Panache Realty Ltd.,Jan-31-2025,6
Vibe Real Estate,Jan-31-2025,1
Fraser-Tradex Realty Inc,Jan-31-2025,2
Real Estate Professionals Inc.,Jan-31-2025,3
Happy Home Wow,Jan-31-2025,1
Century 21 Poirier Real Estate,Jan-31-2025,9
Garth Realty Group Inc.,Jan-31-2025,3
Maximum Realty Inc.,Jan-31-2025,7
Confident Realty Inc,Jan-31-2025,5
Sutton Central Commercial Real Estate,Jan-31-2025,1
RE/MAX House of Real Estate,Jan-31-2025,4
McCrae Property Management Ltd.,Jan-31-2025,1
Keller Williams BOLD Realty,Jan-31-2025,2
VIP Realty and Management Ltd.,Jan-31-2025,1
Sunnyside Realty Ltd,Jan-31-2025,4
Town and City Realty,Jan-31-2025,2
Black Sheep Realty,Jan-31-2025,5
Lakeland Realty,Jan-31-2025,1
Schaaf Realty Ltd,Jan-31-2025,3
Century 21 Lakeland Real Estate,Jan-31-2025,2
Kowal Realty Ltd,Jan-31-2025,3
Home-Time Realty,Jan-31-2025,3
Royal Lepage Hometown Real Estate,Jan-31-2025,3
Peace Hills Realty,Jan-31-2025,2
Homewise Realty,Jan-31-2025,5
Coldwell Banker Battle River Realty,Jan-31-2025,3
Park House Realty Corp,Jan-31-2025,1
Progress Realty,Jan-31-2025,1
Milligan Realty Ltd,Jan-31-2025,2
Trusted Advisers Realty,Jan-31-2025,1
Jackson Realty,Jan-31-2025,1
Bode,Jan-31-2025,1
Andrijana Realty Group,Jan-31-2025,1
Executive Real Estate Services,Jan-31-2025,1
Royal Lepage Network Realty Corp.,Jan-31-2025,2
Better Way Real Estate Ltd,Jan-31-2025,3
Jaffer Realty Inc,Jan-31-2025,5
Homecare Realty Ltd,Jan-31-2025,2
Esquire Realty Inc,Jan-31-2025,5
Platinum Property Group Inc.,Jan-31-2025,2
TREC The Real Estate Company,Jan-31-2025,6
Fair Realty,Jan-31-2025,4
Royal Lepage Town & Country Realty,Jan-31-2025,5
Dream2buy Realty Inc,Jan-31-2025,1
Rimrock Residential Sales & Leasing Ltd.,Jan-31-2025,1
Sir Realty,Jan-31-2025,1
Flight Realty,Jan-31-2025,1
Krysa,Jan-31-2025,1
Keystone Realty,Jan-31-2025,2
Key Realty Ltd,Jan-31-2025,1
Options Realty - Lakeland,Jan-31-2025,1
Zillow,Jan-31-2025,2
Marv Sather Real Estate Ltd,Jan-31-2025,5
Top West Realty,Jan-31-2025,2
Maxwell Devonshire Realty,Jan-31-2025,109
Stonehaus Realty,Jan-31-2025,1
Million Dollar Realty,Jan-31-2025,2
LGA Realty Group Inc,Jan-31-2025,1
Square 1 Realty Ltd,Jan-31-2025,1
All Time Real Estate Ltd,Jan-31-2025,2
K2 Realty,Jan-31-2025,3
TriUrban Inc,Jan-31-2025,3
IBEC Realty Inc,Jan-31-2025,1
REALTORS? Association of Edmonton,Jan-31-2025,2
Caplink,Jan-31-2025,1
Mooney & Associates Real Estate Inc,Jan-31-2025,1
Pinnacle Realty and Management,Jan-31-2025,1
1st Choice Realty Edmonton Ltd.,Jan-31-2025,1
Global Empire Corporation,Jan-31-2025,1
Linc Realty Advisors Inc,Jan-31-2025,2
Celtic Group of Companies,Jan-31-2025,2
Remedy Professional Realty,Jan-31-2025,3
A-Life Real Estate,Jan-31-2025,1
D Gees Realty Inc,Jan-31-2025,2
Candid Realty & Management Ltd,Jan-31-2025,2
RE/MAX Complete Realty,Jan-31-2025,3
HonestDoor Inc,Jan-31-2025,2
Easy List Realty,Jan-31-2025,1
Loris Realty Group Ltd,Jan-31-2025,1
AMG Realty and Property Management Inc,Jan-31-2025,1
Ranger Realty Company Ltd,Jan-31-2025,2
Realty72,Jan-31-2025,2
Masters Realty And Appraisal Services,Jan-31-2025,1
Reekie Property Management Ltd.,Jan-31-2025,1
FNC-Serecon Inc,Jan-31-2025,1
Ideal Real Estate,Jan-31-2025,1
PropZap Realty,Jan-31-2025,1
Sabo Bros Realty Ltd,Jan-31-2025,5
Flaunt Real Estate,Jan-31-2025,1
Jayman Realty (Edm.) Inc,Jan-31-2025,1
Trustpro Realty Ltd.,Jan-31-2025,2
Skrypnyk & Associates,Jan-31-2025,1
Elk Point Realty,Jan-31-2025,3
Starkman Realty Ltd,Jan-31-2025,1
Fort Park Real Estate Inc,Jan-31-2025,2
Iris Properties,Jan-31-2025,1
Terra Realty,Jan-31-2025,3
AB.Buyer.Realty Inc.,Jan-31-2025,1
Alliance Realty Inc,Jan-31-2025,2
Black Gold Real Estate,Jan-31-2025,1
Royal Lepage County Realty,Jan-31-2025,3
Willes Real Estate,Jan-31-2025,2
Exp Realty,Jan-31-2024,485
Exp Realty,Feb-29-2024,486
Exp Realty,Mar-31-2024,486
Exp Realty,Apr-30-2024,471
Exp Realty,May-31-2024,477
Exp Realty,Jun-30-2024,466
Exp Realty,Jul-31-2024,452
Exp Realty,Aug-31-2024,457
Exp Realty,Sep-30-2024,436
Exp Realty,Oct-31-2024,440
Exp Realty,Nov-30-2024,430
Exp Realty,Dec-31-2024,407
Exp Realty,Jan-31-2023,402
Exp Realty,Feb-28-2023,390
Exp Realty,Mar-31-2023,376
Exp Realty,Apr-30-2023,1112
Exp Realty,May-31-2023,1143
Exp Realty,Jun-30-2023,1129
Exp Realty,Jul-31-2023,1116
Exp Realty,Aug-31-2023,1094
Exp Realty,Sep-30-2023,1084
Exp Realty,Oct-31-2023,1042
Exp Realty,Nov-30-2023,1019
Exp Realty,Dec-31-2023,1005
Exp Realty,Jan-31-2022,948
Exp Realty,Feb-28-2022,925
Exp Realty,Mar-31-2022,903
Exp Realty,Apr-30-2022,901
Exp Realty,May-31-2022,882
Exp Realty,Jun-30-2022,858
Exp Realty,Jul-31-2022,804
Exp Realty,Aug-31-2022,783
Exp Realty,Sep-30-2022,735
Exp Realty,Oct-31-2022,699
Exp Realty,Nov-30-2022,667
Exp Realty,Dec-31-2022,607
Exp Realty,Jan-31-2021,573
Exp Realty,Feb-28-2021,542
Exp Realty,Mar-31-2021,524
Exp Realty,Apr-30-2021,509
Exp Realty,May-31-2021,466
Exp Realty,Jun-30-2021,422
Exp Realty,Jul-31-2021,394
Exp Realty,Aug-31-2021,360
Exp Realty,Sep-30-2021,325
Exp Realty,Oct-31-2021,233
Exp Realty,Nov-30-2021,222
Exp Realty,Dec-31-2021,217
Exp Realty,Jan-31-2020,211
Exp Realty,Feb-29-2020,207
Exp Realty,Mar-31-2020,201
Exp Realty,Apr-30-2020,195
Exp Realty,May-31-2020,200
Exp Realty,Jun-30-2020,194
Exp Realty,Jul-31-2020,164
Exp Realty,Aug-31-2020,154
Exp Realty,Sep-30-2020,151
Exp Realty,Oct-31-2020,145
Exp Realty,Nov-30-2020,129
Exp Realty,Dec-31-2020,142
Exp Realty,Jan-31-2019,133
Exp Realty,Feb-28-2019,121
Exp Realty,Mar-31-2019,121
Exp Realty,Apr-30-2019,114
Exp Realty,May-31-2019,114
Exp Realty,Jun-30-2019,112
Exp Realty,Jul-31-2019,106
Exp Realty,Aug-31-2019,102
Exp Realty,Sep-30-2019,98
Exp Realty,Oct-31-2019,
Exp Realty,Nov-30-2019,
Exp Realty,Dec-31-2019,
Exp Realty,Jan-31-2018,
Exp Realty,Feb-28-2018,
Exp Realty,Mar-31-2018,
Exp Realty,Apr-30-2018,
Exp Realty,May-31-2018,
Exp Realty,Jun-30-2018,
Exp Realty,Jul-31-2018,
Exp Realty,Aug-31-2018,
Exp Realty,Sep-30-2018,
Exp Realty,Oct-31-2018,
Exp Realty,Nov-30-2018,
Exp Realty,Dec-31-2018,
Exp Realty,Jan-31-2017,
REAL Broker,Jan-31-2024,153
REAL Broker,Feb-29-2024,133
REAL Broker,Mar-31-2024,135
REAL Broker,Apr-30-2024,127
REAL Broker,May-31-2024,125
REAL Broker,Jun-30-2024,122
REAL Broker,Jul-31-2024,118
REAL Broker,Aug-31-2024,118
REAL Broker,Sep-30-2024,116
REAL Broker,Oct-31-2024,117
REAL Broker,Nov-30-2024,117
REAL Broker,Dec-31-2024,106
REAL Broker,Jan-31-2023,104
REAL Broker,Feb-28-2023,99
REAL Broker,Mar-31-2023,95
REAL Broker,Apr-30-2023,643
REAL Broker,May-31-2023,643
REAL Broker,Jun-30-2023,614
REAL Broker,Jul-31-2023,590
REAL Broker,Aug-31-2023,564
REAL Broker,Sep-30-2023,546
REAL Broker,Oct-31-2023,501
REAL Broker,Nov-30-2023,480
REAL Broker,Dec-31-2023,
REAL Broker,Jan-31-2022,
REAL Broker,Feb-28-2022,
REAL Broker,Mar-31-2022,
REAL Broker,Apr-30-2022,
REAL Broker,May-31-2022,
REAL Broker,Jun-30-2022,
REAL Broker,Jul-31-2022,
REAL Broker,Aug-31-2022,
REAL Broker,Sep-30-2022,
REAL Broker,Oct-31-2022,
REAL Broker,Nov-30-2022,
REAL Broker,Dec-31-2022,
REAL Broker,Jan-31-2021,
REAL Broker,Feb-28-2021,
REAL Broker,Mar-31-2021,
REAL Broker,Apr-30-2021,
REAL Broker,May-31-2021,
REAL Broker,Jun-30-2021,
REAL Broker,Jul-31-2021,
REAL Broker,Aug-31-2021,
REAL Broker,Sep-30-2021,
REAL Broker,Oct-31-2021,
REAL Broker,Nov-30-2021,
REAL Broker,Dec-31-2021,
REAL Broker,Jan-31-2020,
REAL Broker,Feb-29-2020,
REAL Broker,Mar-31-2020,
REAL Broker,Apr-30-2020,
REAL Broker,May-31-2020,
REAL Broker,Jun-30-2020,
REAL Broker,Jul-31-2020,
REAL Broker,Aug-31-2020,
REAL Broker,Sep-30-2020,
REAL Broker,Oct-31-2020,
REAL Broker,Nov-30-2020,
REAL Broker,Dec-31-2020,
REAL Broker,Jan-31-2019,
REAL Broker,Feb-28-2019,
REAL Broker,Mar-31-2019,
REAL Broker,Apr-30-2019,
REAL Broker,May-31-2019,
REAL Broker,Jun-30-2019,
REAL Broker,Jul-31-2019,
REAL Broker,Aug-31-2019,
REAL Broker,Sep-30-2019,
REAL Broker,Oct-31-2019,
REAL Broker,Nov-30-2019,
REAL Broker,Dec-31-2019,
REAL Broker,Jan-31-2018,
REAL Broker,Feb-28-2018,
REAL Broker,Mar-31-2018,
REAL Broker,Apr-30-2018,
REAL Broker,May-31-2018,
REAL Broker,Jun-30-2018,
REAL Broker,Jul-31-2018,
REAL Broker,Aug-31-2018,
REAL Broker,Sep-30-2018,
REAL Broker,Oct-31-2018,
REAL Broker,Nov-30-2018,
REAL Broker,Dec-31-2018,
REAL Broker,Jan-31-2017,
MaxWell Polaris,Jan-31-2024,360
MaxWell Polaris,Feb-29-2024,357
MaxWell Polaris,Mar-31-2024,354
MaxWell Polaris,Apr-30-2024,351
MaxWell Polaris,May-31-2024,347
MaxWell Polaris,Jun-30-2024,349
MaxWell Polaris,Jul-31-2024,338
MaxWell Polaris,Aug-31-2024,332
MaxWell Polaris,Sep-30-2024,326
MaxWell Polaris,Oct-31-2024,320
MaxWell Polaris,Nov-30-2024,320
MaxWell Polaris,Dec-31-2024,319
MaxWell Polaris,Jan-31-2023,318
MaxWell Polaris,Feb-28-2023,319
MaxWell Polaris,Mar-31-2023,316
MaxWell Polaris,Apr-30-2023,312
MaxWell Polaris,May-31-2023,314
MaxWell Polaris,Jun-30-2023,314
MaxWell Polaris,Jul-31-2023,315
MaxWell Polaris,Aug-31-2023,312
MaxWell Polaris,Sep-30-2023,308
MaxWell Polaris,Oct-31-2023,314
MaxWell Polaris,Nov-30-2023,318
MaxWell Polaris,Dec-31-2023,316
MaxWell Polaris,Jan-31-2022,320
MaxWell Polaris,Feb-28-2022,317
MaxWell Polaris,Mar-31-2022,305
MaxWell Polaris,Apr-30-2022,304
MaxWell Polaris,May-31-2022,304
MaxWell Polaris,Jun-30-2022,306
MaxWell Polaris,Jul-31-2022,297
MaxWell Polaris,Aug-31-2022,298
MaxWell Polaris,Sep-30-2022,282
MaxWell Polaris,Oct-31-2022,285
MaxWell Polaris,Nov-30-2022,285
MaxWell Polaris,Dec-31-2022,276
MaxWell Polaris,Jan-31-2021,276
MaxWell Polaris,Feb-28-2021,274
MaxWell Polaris,Mar-31-2021,268
MaxWell Polaris,Apr-30-2021,267
MaxWell Polaris,May-31-2021,260
MaxWell Polaris,Jun-30-2021,253
MaxWell Polaris,Jul-31-2021,245
MaxWell Polaris,Aug-31-2021,246
MaxWell Polaris,Sep-30-2021,246
MaxWell Polaris,Oct-31-2021,244
MaxWell Polaris,Nov-30-2021,243
MaxWell Polaris,Dec-31-2021,235
MaxWell Polaris,Jan-31-2020,240
MaxWell Polaris,Feb-29-2020,238
MaxWell Polaris,Mar-31-2020,234
MaxWell Polaris,Apr-30-2020,234
MaxWell Polaris,May-31-2020,236
MaxWell Polaris,Jun-30-2020,234
MaxWell Polaris,Jul-31-2020,234
MaxWell Polaris,Aug-31-2020,232
MaxWell Polaris,Sep-30-2020,233
MaxWell Polaris,Oct-31-2020,230
MaxWell Polaris,Nov-30-2020,227
MaxWell Polaris,Dec-31-2020,233
MaxWell Polaris,Jan-31-2019,230
MaxWell Polaris,Feb-28-2019,226
MaxWell Polaris,Mar-31-2019,227
MaxWell Polaris,Apr-30-2019,219
MaxWell Polaris,May-31-2019,219
MaxWell Polaris,Jun-30-2019,226
MaxWell Polaris,Jul-31-2019,228
MaxWell Polaris,Aug-31-2019,229
MaxWell Polaris,Sep-30-2019,233
MaxWell Polaris,Oct-31-2019,231
MaxWell Polaris,Nov-30-2019,234
MaxWell Polaris,Dec-31-2019,236
MaxWell Polaris,Jan-31-2018,238
MaxWell Polaris,Feb-28-2018,234
MaxWell Polaris,Mar-31-2018,228
MaxWell Polaris,Apr-30-2018,226
MaxWell Polaris,May-31-2018,228
MaxWell Polaris,Jun-30-2018,227
MaxWell Polaris,Jul-31-2018,229
MaxWell Polaris,Aug-31-2018,223
MaxWell Polaris,Sep-30-2018,222
MaxWell Polaris,Oct-31-2018,226
MaxWell Polaris,Nov-30-2018,226
MaxWell Polaris,Dec-31-2018,221
MaxWell Polaris,Jan-31-2017,215
RE/MAX River City,Jan-31-2024,218
RE/MAX River City,Feb-29-2024,218
RE/MAX River City,Mar-31-2024,216
RE/MAX River City,Apr-30-2024,219
RE/MAX River City,May-31-2024,224
RE/MAX River City,Jun-30-2024,221
RE/MAX River City,Jul-31-2024,223
RE/MAX River City,Aug-31-2024,221
RE/MAX River City,Sep-30-2024,217
RE/MAX River City,Oct-31-2024,220
RE/MAX River City,Nov-30-2024,217
RE/MAX River City,Dec-31-2024,216
RE/MAX River City,Jan-31-2023,219
RE/MAX River City,Feb-28-2023,220
RE/MAX River City,Mar-31-2023,232
RE/MAX River City,Apr-30-2023,230
RE/MAX River City,May-31-2023,236
RE/MAX River City,Jun-30-2023,240
RE/MAX River City,Jul-31-2023,245
RE/MAX River City,Aug-31-2023,251
RE/MAX River City,Sep-30-2023,248
RE/MAX River City,Oct-31-2023,263
RE/MAX River City,Nov-30-2023,270
RE/MAX River City,Dec-31-2023,268
RE/MAX River City,Jan-31-2022,266
RE/MAX River City,Feb-28-2022,265
RE/MAX River City,Mar-31-2022,266
RE/MAX River City,Apr-30-2022,268
RE/MAX River City,May-31-2022,270
RE/MAX River City,Jun-30-2022,265
RE/MAX River City,Jul-31-2022,261
RE/MAX River City,Aug-31-2022,257
RE/MAX River City,Sep-30-2022,252
RE/MAX River City,Oct-31-2022,252
RE/MAX River City,Nov-30-2022,250
RE/MAX River City,Dec-31-2022,244
RE/MAX River City,Jan-31-2021,245
RE/MAX River City,Feb-28-2021,246
RE/MAX River City,Mar-31-2021,242
RE/MAX River City,Apr-30-2021,239
RE/MAX River City,May-31-2021,239
RE/MAX River City,Jun-30-2021,232
RE/MAX River City,Jul-31-2021,201
RE/MAX River City,Aug-31-2021,149
RE/MAX River City,Sep-30-2021,133
RE/MAX River City,Oct-31-2021,128
RE/MAX River City,Nov-30-2021,127
RE/MAX River City,Dec-31-2021,125
RE/MAX River City,Jan-31-2020,125
RE/MAX River City,Feb-29-2020,126
RE/MAX River City,Mar-31-2020,125
RE/MAX River City,Apr-30-2020,125
RE/MAX River City,May-31-2020,129
RE/MAX River City,Jun-30-2020,127
RE/MAX River City,Jul-31-2020,125
RE/MAX River City,Aug-31-2020,123
RE/MAX River City,Sep-30-2020,123
RE/MAX River City,Oct-31-2020,123
RE/MAX River City,Nov-30-2020,122
RE/MAX River City,Dec-31-2020,130
RE/MAX River City,Jan-31-2019,130
RE/MAX River City,Feb-28-2019,126
RE/MAX River City,Mar-31-2019,125
RE/MAX River City,Apr-30-2019,123
RE/MAX River City,May-31-2019,128
RE/MAX River City,Jun-30-2019,129
RE/MAX River City,Jul-31-2019,129
RE/MAX River City,Aug-31-2019,131
RE/MAX River City,Sep-30-2019,150
RE/MAX River City,Oct-31-2019,140
RE/MAX River City,Nov-30-2019,140
RE/MAX River City,Dec-31-2019,138
RE/MAX River City,Jan-31-2018,135
RE/MAX River City,Feb-28-2018,132
RE/MAX River City,Mar-31-2018,132
RE/MAX River City,Apr-30-2018,137
RE/MAX River City,May-31-2018,139
RE/MAX River City,Jun-30-2018,139
RE/MAX River City,Jul-31-2018,138
RE/MAX River City,Aug-31-2018,139
RE/MAX River City,Sep-30-2018,140
RE/MAX River City,Oct-31-2018,140
RE/MAX River City,Nov-30-2018,135
RE/MAX River City,Dec-31-2018,134
RE/MAX River City,Jan-31-2017,133
RE/MAX Elite,Jan-31-2024,202
RE/MAX Elite,Feb-29-2024,200
RE/MAX Elite,Mar-31-2024,200
RE/MAX Elite,Apr-30-2024,199
RE/MAX Elite,May-31-2024,205
RE/MAX Elite,Jun-30-2024,207
RE/MAX Elite,Jul-31-2024,206
RE/MAX Elite,Aug-31-2024,206
RE/MAX Elite,Sep-30-2024,201
RE/MAX Elite,Oct-31-2024,199
RE/MAX Elite,Nov-30-2024,201
RE/MAX Elite,Dec-31-2024,201
RE/MAX Elite,Jan-31-2023,204
RE/MAX Elite,Feb-28-2023,205
RE/MAX Elite,Mar-31-2023,213
RE/MAX Elite,Apr-30-2023,216
RE/MAX Elite,May-31-2023,218
RE/MAX Elite,Jun-30-2023,220
RE/MAX Elite,Jul-31-2023,221
RE/MAX Elite,Aug-31-2023,224
RE/MAX Elite,Sep-30-2023,223
RE/MAX Elite,Oct-31-2023,224
RE/MAX Elite,Nov-30-2023,223
RE/MAX Elite,Dec-31-2023,229
RE/MAX Elite,Jan-31-2022,228
RE/MAX Elite,Feb-28-2022,225
RE/MAX Elite,Mar-31-2022,217
RE/MAX Elite,Apr-30-2022,222
RE/MAX Elite,May-31-2022,219
RE/MAX Elite,Jun-30-2022,217
RE/MAX Elite,Jul-31-2022,213
RE/MAX Elite,Aug-31-2022,210
RE/MAX Elite,Sep-30-2022,208
RE/MAX Elite,Oct-31-2022,208
RE/MAX Elite,Nov-30-2022,210
RE/MAX Elite,Dec-31-2022,213
RE/MAX Elite,Jan-31-2021,220
RE/MAX Elite,Feb-28-2021,220
RE/MAX Elite,Mar-31-2021,222
RE/MAX Elite,Apr-30-2021,238
RE/MAX Elite,May-31-2021,237
RE/MAX Elite,Jun-30-2021,234
RE/MAX Elite,Jul-31-2021,229
RE/MAX Elite,Aug-31-2021,227
RE/MAX Elite,Sep-30-2021,227
RE/MAX Elite,Oct-31-2021,226
RE/MAX Elite,Nov-30-2021,225
RE/MAX Elite,Dec-31-2021,225
RE/MAX Elite,Jan-31-2020,222
RE/MAX Elite,Feb-29-2020,223
RE/MAX Elite,Mar-31-2020,221
RE/MAX Elite,Apr-30-2020,219
RE/MAX Elite,May-31-2020,222
RE/MAX Elite,Jun-30-2020,224
RE/MAX Elite,Jul-31-2020,226
RE/MAX Elite,Aug-31-2020,224
RE/MAX Elite,Sep-30-2020,225
RE/MAX Elite,Oct-31-2020,225
RE/MAX Elite,Nov-30-2020,223
RE/MAX Elite,Dec-31-2020,235
RE/MAX Elite,Jan-31-2019,207
RE/MAX Elite,Feb-28-2019,212
RE/MAX Elite,Mar-31-2019,211
RE/MAX Elite,Apr-30-2019,211
RE/MAX Elite,May-31-2019,211
RE/MAX Elite,Jun-30-2019,211
RE/MAX Elite,Jul-31-2019,210
RE/MAX Elite,Aug-31-2019,213
RE/MAX Elite,Sep-30-2019,210
RE/MAX Elite,Oct-31-2019,207
RE/MAX Elite,Nov-30-2019,207
RE/MAX Elite,Dec-31-2019,205
RE/MAX Elite,Jan-31-2018,204
RE/MAX Elite,Feb-28-2018,202
RE/MAX Elite,Mar-31-2018,209
RE/MAX Elite,Apr-30-2018,209
RE/MAX Elite,May-31-2018,212
RE/MAX Elite,Jun-30-2018,213
RE/MAX Elite,Jul-31-2018,220
RE/MAX Elite,Aug-31-2018,224
RE/MAX Elite,Sep-30-2018,233
RE/MAX Elite,Oct-31-2018,231
RE/MAX Elite,Nov-30-2018,228
RE/MAX Elite,Dec-31-2018,228
RE/MAX Elite,Jan-31-2017,227
Homes & Gardens Real Estate Limited,Jan-31-2024,167
Homes & Gardens Real Estate Limited,Feb-29-2024,167
Homes & Gardens Real Estate Limited,Mar-31-2024,164
Homes & Gardens Real Estate Limited,Apr-30-2024,165
Homes & Gardens Real Estate Limited,May-31-2024,167
Homes & Gardens Real Estate Limited,Jun-30-2024,167
Homes & Gardens Real Estate Limited,Jul-31-2024,168
Homes & Gardens Real Estate Limited,Aug-31-2024,168
Homes & Gardens Real Estate Limited,Sep-30-2024,162
Homes & Gardens Real Estate Limited,Oct-31-2024,164
Homes & Gardens Real Estate Limited,Nov-30-2024,172
Homes & Gardens Real Estate Limited,Dec-31-2024,173
Homes & Gardens Real Estate Limited,Jan-31-2023,172
Homes & Gardens Real Estate Limited,Feb-28-2023,173
Homes & Gardens Real Estate Limited,Mar-31-2023,172
Homes & Gardens Real Estate Limited,Apr-30-2023,172
Homes & Gardens Real Estate Limited,May-31-2023,178
Homes & Gardens Real Estate Limited,Jun-30-2023,176
Homes & Gardens Real Estate Limited,Jul-31-2023,176
Homes & Gardens Real Estate Limited,Aug-31-2023,176
Homes & Gardens Real Estate Limited,Sep-30-2023,174
Homes & Gardens Real Estate Limited,Oct-31-2023,176
Homes & Gardens Real Estate Limited,Nov-30-2023,183
Homes & Gardens Real Estate Limited,Dec-31-2023,179
Homes & Gardens Real Estate Limited,Jan-31-2022,180
Homes & Gardens Real Estate Limited,Feb-28-2022,178
Homes & Gardens Real Estate Limited,Mar-31-2022,178
Homes & Gardens Real Estate Limited,Apr-30-2022,181
Homes & Gardens Real Estate Limited,May-31-2022,180
Homes & Gardens Real Estate Limited,Jun-30-2022,179
Homes & Gardens Real Estate Limited,Jul-31-2022,178
Homes & Gardens Real Estate Limited,Aug-31-2022,179
Homes & Gardens Real Estate Limited,Sep-30-2022,177
Homes & Gardens Real Estate Limited,Oct-31-2022,183
Homes & Gardens Real Estate Limited,Nov-30-2022,185
Homes & Gardens Real Estate Limited,Dec-31-2022,186
Homes & Gardens Real Estate Limited,Jan-31-2021,182
Homes & Gardens Real Estate Limited,Feb-28-2021,180
Homes & Gardens Real Estate Limited,Mar-31-2021,186
Homes & Gardens Real Estate Limited,Apr-30-2021,187
Homes & Gardens Real Estate Limited,May-31-2021,186
Homes & Gardens Real Estate Limited,Jun-30-2021,186
Homes & Gardens Real Estate Limited,Jul-31-2021,185
Homes & Gardens Real Estate Limited,Aug-31-2021,197
Homes & Gardens Real Estate Limited,Sep-30-2021,197
Homes & Gardens Real Estate Limited,Oct-31-2021,196
Homes & Gardens Real Estate Limited,Nov-30-2021,195
Homes & Gardens Real Estate Limited,Dec-31-2021,193
Homes & Gardens Real Estate Limited,Jan-31-2020,197
Homes & Gardens Real Estate Limited,Feb-29-2020,197
Homes & Gardens Real Estate Limited,Mar-31-2020,196
Homes & Gardens Real Estate Limited,Apr-30-2020,192
Homes & Gardens Real Estate Limited,May-31-2020,203
Homes & Gardens Real Estate Limited,Jun-30-2020,204
Homes & Gardens Real Estate Limited,Jul-31-2020,207
Homes & Gardens Real Estate Limited,Aug-31-2020,202
Homes & Gardens Real Estate Limited,Sep-30-2020,201
Homes & Gardens Real Estate Limited,Oct-31-2020,198
Homes & Gardens Real Estate Limited,Nov-30-2020,197
Homes & Gardens Real Estate Limited,Dec-31-2020,231
Homes & Gardens Real Estate Limited,Jan-31-2019,230
Homes & Gardens Real Estate Limited,Feb-28-2019,229
Homes & Gardens Real Estate Limited,Mar-31-2019,230
Homes & Gardens Real Estate Limited,Apr-30-2019,224
Homes & Gardens Real Estate Limited,May-31-2019,227
Homes & Gardens Real Estate Limited,Jun-30-2019,236
Homes & Gardens Real Estate Limited,Jul-31-2019,235
Homes & Gardens Real Estate Limited,Aug-31-2019,233
Homes & Gardens Real Estate Limited,Sep-30-2019,232
Homes & Gardens Real Estate Limited,Oct-31-2019,220
Homes & Gardens Real Estate Limited,Nov-30-2019,226
Homes & Gardens Real Estate Limited,Dec-31-2019,218
Homes & Gardens Real Estate Limited,Jan-31-2018,216
Homes & Gardens Real Estate Limited,Feb-28-2018,213
Homes & Gardens Real Estate Limited,Mar-31-2018,208
Homes & Gardens Real Estate Limited,Apr-30-2018,227
Homes & Gardens Real Estate Limited,May-31-2018,
Homes & Gardens Real Estate Limited,Jun-30-2018,
Homes & Gardens Real Estate Limited,Jul-31-2018,
Homes & Gardens Real Estate Limited,Aug-31-2018,
Homes & Gardens Real Estate Limited,Sep-30-2018,
Homes & Gardens Real Estate Limited,Oct-31-2018,
Homes & Gardens Real Estate Limited,Nov-30-2018,
Homes & Gardens Real Estate Limited,Dec-31-2018,
Homes & Gardens Real Estate Limited,Jan-31-2017,
RE/MAX Real Estate,Jan-31-2024,159
RE/MAX Real Estate,Feb-29-2024,169
RE/MAX Real Estate,Mar-31-2024,172
RE/MAX Real Estate,Apr-30-2024,172
RE/MAX Real Estate,May-31-2024,169
RE/MAX Real Estate,Jun-30-2024,166
RE/MAX Real Estate,Jul-31-2024,167
RE/MAX Real Estate,Aug-31-2024,167
RE/MAX Real Estate,Sep-30-2024,166
RE/MAX Real Estate,Oct-31-2024,164
RE/MAX Real Estate,Nov-30-2024,164
RE/MAX Real Estate,Dec-31-2024,164
RE/MAX Real Estate,Jan-31-2023,163
RE/MAX Real Estate,Feb-28-2023,164
RE/MAX Real Estate,Mar-31-2023,162
RE/MAX Real Estate,Apr-30-2023,163
RE/MAX Real Estate,May-31-2023,162
RE/MAX Real Estate,Jun-30-2023,160
RE/MAX Real Estate,Jul-31-2023,161
RE/MAX Real Estate,Aug-31-2023,163
RE/MAX Real Estate,Sep-30-2023,160
RE/MAX Real Estate,Oct-31-2023,161
RE/MAX Real Estate,Nov-30-2023,160
RE/MAX Real Estate,Dec-31-2023,159
RE/MAX Real Estate,Jan-31-2022,157
RE/MAX Real Estate,Feb-28-2022,159
RE/MAX Real Estate,Mar-31-2022,158
RE/MAX Real Estate,Apr-30-2022,161
RE/MAX Real Estate,May-31-2022,161
RE/MAX Real Estate,Jun-30-2022,161
RE/MAX Real Estate,Jul-31-2022,161
RE/MAX Real Estate,Aug-31-2022,161
RE/MAX Real Estate,Sep-30-2022,158
RE/MAX Real Estate,Oct-31-2022,157
RE/MAX Real Estate,Nov-30-2022,157
RE/MAX Real Estate,Dec-31-2022,160
RE/MAX Real Estate,Jan-31-2021,166
RE/MAX Real Estate,Feb-28-2021,166
RE/MAX Real Estate,Mar-31-2021,168
RE/MAX Real Estate,Apr-30-2021,166
RE/MAX Real Estate,May-31-2021,167
RE/MAX Real Estate,Jun-30-2021,167
RE/MAX Real Estate,Jul-31-2021,165
RE/MAX Real Estate,Aug-31-2021,159
RE/MAX Real Estate,Sep-30-2021,155
RE/MAX Real Estate,Oct-31-2021,144
RE/MAX Real Estate,Nov-30-2021,143
RE/MAX Real Estate,Dec-31-2021,142
RE/MAX Real Estate,Jan-31-2020,167
RE/MAX Real Estate,Feb-29-2020,166
RE/MAX Real Estate,Mar-31-2020,167
RE/MAX Real Estate,Apr-30-2020,166
RE/MAX Real Estate,May-31-2020,166
RE/MAX Real Estate,Jun-30-2020,167
RE/MAX Real Estate,Jul-31-2020,171
RE/MAX Real Estate,Aug-31-2020,177
RE/MAX Real Estate,Sep-30-2020,181
RE/MAX Real Estate,Oct-31-2020,205
RE/MAX Real Estate,Nov-30-2020,202
RE/MAX Real Estate,Dec-31-2020,195
RE/MAX Real Estate,Jan-31-2019,200
RE/MAX Real Estate,Feb-28-2019,199
RE/MAX Real Estate,Mar-31-2019,197
RE/MAX Real Estate,Apr-30-2019,193
RE/MAX Real Estate,May-31-2019,192
RE/MAX Real Estate,Jun-30-2019,190
RE/MAX Real Estate,Jul-31-2019,193
RE/MAX Real Estate,Aug-31-2019,194
RE/MAX Real Estate,Sep-30-2019,213
RE/MAX Real Estate,Oct-31-2019,335
RE/MAX Real Estate,Nov-30-2019,343
RE/MAX Real Estate,Dec-31-2019,347
RE/MAX Real Estate,Jan-31-2018,354
RE/MAX Real Estate,Feb-28-2018,357
RE/MAX Real Estate,Mar-31-2018,360
RE/MAX Real Estate,Apr-30-2018,356
RE/MAX Real Estate,May-31-2018,367
RE/MAX Real Estate,Jun-30-2018,368
RE/MAX Real Estate,Jul-31-2018,358
RE/MAX Real Estate,Aug-31-2018,357
RE/MAX Real Estate,Sep-30-2018,358
RE/MAX Real Estate,Oct-31-2018,361
RE/MAX Real Estate,Nov-30-2018,361
RE/MAX Real Estate,Dec-31-2018,357
RE/MAX Real Estate,Jan-31-2017,352
Royal Lepage Noralta Real Estate,Jan-31-2024,182
Royal Lepage Noralta Real Estate,Feb-29-2024,182
Royal Lepage Noralta Real Estate,Mar-31-2024,180
Royal Lepage Noralta Real Estate,Apr-30-2024,178
Royal Lepage Noralta Real Estate,May-31-2024,182
Royal Lepage Noralta Real Estate,Jun-30-2024,183
Royal Lepage Noralta Real Estate,Jul-31-2024,181
Royal Lepage Noralta Real Estate,Aug-31-2024,179
Royal Lepage Noralta Real Estate,Sep-30-2024,181
Royal Lepage Noralta Real Estate,Oct-31-2024,177
Royal Lepage Noralta Real Estate,Nov-30-2024,175
Royal Lepage Noralta Real Estate,Dec-31-2024,177
Royal Lepage Noralta Real Estate,Jan-31-2023,183
Royal Lepage Noralta Real Estate,Feb-28-2023,186
Royal Lepage Noralta Real Estate,Mar-31-2023,185
Royal Lepage Noralta Real Estate,Apr-30-2023,182
Royal Lepage Noralta Real Estate,May-31-2023,187
Royal Lepage Noralta Real Estate,Jun-30-2023,189
Royal Lepage Noralta Real Estate,Jul-31-2023,187
Royal Lepage Noralta Real Estate,Aug-31-2023,199
Royal Lepage Noralta Real Estate,Sep-30-2023,197
Royal Lepage Noralta Real Estate,Oct-31-2023,194
Royal Lepage Noralta Real Estate,Nov-30-2023,194
Royal Lepage Noralta Real Estate,Dec-31-2023,190
Royal Lepage Noralta Real Estate,Jan-31-2022,164
Royal Lepage Noralta Real Estate,Feb-28-2022,168
Royal Lepage Noralta Real Estate,Mar-31-2022,166
Royal Lepage Noralta Real Estate,Apr-30-2022,171
Royal Lepage Noralta Real Estate,May-31-2022,170
Royal Lepage Noralta Real Estate,Jun-30-2022,170
Royal Lepage Noralta Real Estate,Jul-31-2022,171
Royal Lepage Noralta Real Estate,Aug-31-2022,168
Royal Lepage Noralta Real Estate,Sep-30-2022,164
Royal Lepage Noralta Real Estate,Oct-31-2022,159
Royal Lepage Noralta Real Estate,Nov-30-2022,158
Royal Lepage Noralta Real Estate,Dec-31-2022,158
Royal Lepage Noralta Real Estate,Jan-31-2021,156
Royal Lepage Noralta Real Estate,Feb-28-2021,154
Royal Lepage Noralta Real Estate,Mar-31-2021,163
Royal Lepage Noralta Real Estate,Apr-30-2021,159
Royal Lepage Noralta Real Estate,May-31-2021,155
Royal Lepage Noralta Real Estate,Jun-30-2021,156
Royal Lepage Noralta Real Estate,Jul-31-2021,149
Royal Lepage Noralta Real Estate,Aug-31-2021,150
Royal Lepage Noralta Real Estate,Sep-30-2021,152
Royal Lepage Noralta Real Estate,Oct-31-2021,149
Royal Lepage Noralta Real Estate,Nov-30-2021,151
Royal Lepage Noralta Real Estate,Dec-31-2021,151
Royal Lepage Noralta Real Estate,Jan-31-2020,155
Royal Lepage Noralta Real Estate,Feb-29-2020,156
Royal Lepage Noralta Real Estate,Mar-31-2020,153
Royal Lepage Noralta Real Estate,Apr-30-2020,154
Royal Lepage Noralta Real Estate,May-31-2020,155
Royal Lepage Noralta Real Estate,Jun-30-2020,157
Royal Lepage Noralta Real Estate,Jul-31-2020,163
Royal Lepage Noralta Real Estate,Aug-31-2020,164
Royal Lepage Noralta Real Estate,Sep-30-2020,174
Royal Lepage Noralta Real Estate,Oct-31-2020,174
Royal Lepage Noralta Real Estate,Nov-30-2020,172
Royal Lepage Noralta Real Estate,Dec-31-2020,179
Royal Lepage Noralta Real Estate,Jan-31-2019,180
Royal Lepage Noralta Real Estate,Feb-28-2019,177
Royal Lepage Noralta Real Estate,Mar-31-2019,176
Royal Lepage Noralta Real Estate,Apr-30-2019,174
Royal Lepage Noralta Real Estate,May-31-2019,179
Royal Lepage Noralta Real Estate,Jun-30-2019,177
Royal Lepage Noralta Real Estate,Jul-31-2019,176
Royal Lepage Noralta Real Estate,Aug-31-2019,176
Royal Lepage Noralta Real Estate,Sep-30-2019,178
Royal Lepage Noralta Real Estate,Oct-31-2019,174
Royal Lepage Noralta Real Estate,Nov-30-2019,182
Royal Lepage Noralta Real Estate,Dec-31-2019,183
Royal Lepage Noralta Real Estate,Jan-31-2018,179
Royal Lepage Noralta Real Estate,Feb-28-2018,177
Royal Lepage Noralta Real Estate,Mar-31-2018,175
Royal Lepage Noralta Real Estate,Apr-30-2018,168
Royal Lepage Noralta Real Estate,May-31-2018,175
Royal Lepage Noralta Real Estate,Jun-30-2018,178
Royal Lepage Noralta Real Estate,Jul-31-2018,182
Royal Lepage Noralta Real Estate,Aug-31-2018,183
Royal Lepage Noralta Real Estate,Sep-30-2018,182
Royal Lepage Noralta Real Estate,Oct-31-2018,187
Royal Lepage Noralta Real Estate,Nov-30-2018,181
Royal Lepage Noralta Real Estate,Dec-31-2018,183
Royal Lepage Noralta Real Estate,Jan-31-2017,179
RE/MAX Excellence,Jan-31-2024,200
RE/MAX Excellence,Feb-29-2024,198
RE/MAX Excellence,Mar-31-2024,199
RE/MAX Excellence,Apr-30-2024,198
RE/MAX Excellence,May-31-2024,200
RE/MAX Excellence,Jun-30-2024,201
RE/MAX Excellence,Jul-31-2024,199
RE/MAX Excellence,Aug-31-2024,200
RE/MAX Excellence,Sep-30-2024,192
RE/MAX Excellence,Oct-31-2024,191
RE/MAX Excellence,Nov-30-2024,191
RE/MAX Excellence,Dec-31-2024,188
RE/MAX Excellence,Jan-31-2023,186
RE/MAX Excellence,Feb-28-2023,184
RE/MAX Excellence,Mar-31-2023,186
RE/MAX Excellence,Apr-30-2023,185
RE/MAX Excellence,May-31-2023,185
RE/MAX Excellence,Jun-30-2023,184
RE/MAX Excellence,Jul-31-2023,186
RE/MAX Excellence,Aug-31-2023,186
RE/MAX Excellence,Sep-30-2023,181
RE/MAX Excellence,Oct-31-2023,180
RE/MAX Excellence,Nov-30-2023,185
RE/MAX Excellence,Dec-31-2023,184
RE/MAX Excellence,Jan-31-2022,186
RE/MAX Excellence,Feb-28-2022,184
RE/MAX Excellence,Mar-31-2022,186
RE/MAX Excellence,Apr-30-2022,185
RE/MAX Excellence,May-31-2022,187
RE/MAX Excellence,Jun-30-2022,185
RE/MAX Excellence,Jul-31-2022,184
RE/MAX Excellence,Aug-31-2022,181
RE/MAX Excellence,Sep-30-2022,179
RE/MAX Excellence,Oct-31-2022,173
RE/MAX Excellence,Nov-30-2022,173
RE/MAX Excellence,Dec-31-2022,164
RE/MAX Excellence,Jan-31-2021,165
RE/MAX Excellence,Feb-28-2021,162
RE/MAX Excellence,Mar-31-2021,160
RE/MAX Excellence,Apr-30-2021,156
RE/MAX Excellence,May-31-2021,156
RE/MAX Excellence,Jun-30-2021,153
RE/MAX Excellence,Jul-31-2021,154
RE/MAX Excellence,Aug-31-2021,155
RE/MAX Excellence,Sep-30-2021,151
RE/MAX Excellence,Oct-31-2021,145
RE/MAX Excellence,Nov-30-2021,146
RE/MAX Excellence,Dec-31-2021,147
RE/MAX Excellence,Jan-31-2020,137
RE/MAX Excellence,Feb-29-2020,131
RE/MAX Excellence,Mar-31-2020,132
RE/MAX Excellence,Apr-30-2020,132
RE/MAX Excellence,May-31-2020,134
RE/MAX Excellence,Jun-30-2020,134
RE/MAX Excellence,Jul-31-2020,138
RE/MAX Excellence,Aug-31-2020,133
RE/MAX Excellence,Sep-30-2020,133
RE/MAX Excellence,Oct-31-2020,129
RE/MAX Excellence,Nov-30-2020,129
RE/MAX Excellence,Dec-31-2020,130
RE/MAX Excellence,Jan-31-2019,134
RE/MAX Excellence,Feb-28-2019,135
RE/MAX Excellence,Mar-31-2019,133
RE/MAX Excellence,Apr-30-2019,133
RE/MAX Excellence,May-31-2019,136
RE/MAX Excellence,Jun-30-2019,139
RE/MAX Excellence,Jul-31-2019,138
RE/MAX Excellence,Aug-31-2019,135
RE/MAX Excellence,Sep-30-2019,138
RE/MAX Excellence,Oct-31-2019,142
RE/MAX Excellence,Nov-30-2019,146
RE/MAX Excellence,Dec-31-2019,148
RE/MAX Excellence,Jan-31-2018,148
RE/MAX Excellence,Feb-28-2018,150
RE/MAX Excellence,Mar-31-2018,156
RE/MAX Excellence,Apr-30-2018,155
RE/MAX Excellence,May-31-2018,152
RE/MAX Excellence,Jun-30-2018,152
RE/MAX Excellence,Jul-31-2018,150
RE/MAX Excellence,Aug-31-2018,145
RE/MAX Excellence,Sep-30-2018,150
RE/MAX Excellence,Oct-31-2018,151
RE/MAX Excellence,Nov-30-2018,145
RE/MAX Excellence,Dec-31-2018,146
RE/MAX Excellence,Jan-31-2017,146
Royal Lepage Arteam Realty,Jan-31-2024,143
Royal Lepage Arteam Realty,Feb-29-2024,138
Royal Lepage Arteam Realty,Mar-31-2024,134
Royal Lepage Arteam Realty,Apr-30-2024,131
Royal Lepage Arteam Realty,May-31-2024,134
Royal Lepage Arteam Realty,Jun-30-2024,134
Royal Lepage Arteam Realty,Jul-31-2024,135
Royal Lepage Arteam Realty,Aug-31-2024,136
Royal Lepage Arteam Realty,Sep-30-2024,135
Royal Lepage Arteam Realty,Oct-31-2024,132
Royal Lepage Arteam Realty,Nov-30-2024,133
Royal Lepage Arteam Realty,Dec-31-2024,132
Royal Lepage Arteam Realty,Jan-31-2023,123
Royal Lepage Arteam Realty,Feb-28-2023,121
Royal Lepage Arteam Realty,Mar-31-2023,142
Royal Lepage Arteam Realty,Apr-30-2023,139
Royal Lepage Arteam Realty,May-31-2023,139
Royal Lepage Arteam Realty,Jun-30-2023,137
Royal Lepage Arteam Realty,Jul-31-2023,136
Royal Lepage Arteam Realty,Aug-31-2023,136
Royal Lepage Arteam Realty,Sep-30-2023,136
Royal Lepage Arteam Realty,Oct-31-2023,136
Royal Lepage Arteam Realty,Nov-30-2023,129
Royal Lepage Arteam Realty,Dec-31-2023,126
Royal Lepage Arteam Realty,Jan-31-2022,119
Royal Lepage Arteam Realty,Feb-28-2022,115
Royal Lepage Arteam Realty,Mar-31-2022,113
Royal Lepage Arteam Realty,Apr-30-2022,114
Royal Lepage Arteam Realty,May-31-2022,114
Royal Lepage Arteam Realty,Jun-30-2022,112
Royal Lepage Arteam Realty,Jul-31-2022,109
Royal Lepage Arteam Realty,Aug-31-2022,105
Royal Lepage Arteam Realty,Sep-30-2022,96
Royal Lepage Arteam Realty,Oct-31-2022,94
Royal Lepage Arteam Realty,Nov-30-2022,88
Royal Lepage Arteam Realty,Dec-31-2022,84
Royal Lepage Arteam Realty,Jan-31-2021,84
Royal Lepage Arteam Realty,Feb-28-2021,84
Royal Lepage Arteam Realty,Mar-31-2021,85
Royal Lepage Arteam Realty,Apr-30-2021,72
Royal Lepage Arteam Realty,May-31-2021,71
Royal Lepage Arteam Realty,Jun-30-2021,70
Royal Lepage Arteam Realty,Jul-31-2021,70
Royal Lepage Arteam Realty,Aug-31-2021,69
Royal Lepage Arteam Realty,Sep-30-2021,65
Royal Lepage Arteam Realty,Oct-31-2021,64
Royal Lepage Arteam Realty,Nov-30-2021,63
Royal Lepage Arteam Realty,Dec-31-2021,63
Royal Lepage Arteam Realty,Jan-31-2020,61
Royal Lepage Arteam Realty,Feb-29-2020,60
Royal Lepage Arteam Realty,Mar-31-2020,59
Royal Lepage Arteam Realty,Apr-30-2020,60
Royal Lepage Arteam Realty,May-31-2020,61
Royal Lepage Arteam Realty,Jun-30-2020,60
Royal Lepage Arteam Realty,Jul-31-2020,59
Royal Lepage Arteam Realty,Aug-31-2020,55
Royal Lepage Arteam Realty,Sep-30-2020,55
Royal Lepage Arteam Realty,Oct-31-2020,57
Royal Lepage Arteam Realty,Nov-30-2020,56
Royal Lepage Arteam Realty,Dec-31-2020,58
Royal Lepage Arteam Realty,Jan-31-2019,58
Royal Lepage Arteam Realty,Feb-28-2019,57
Royal Lepage Arteam Realty,Mar-31-2019,57
Royal Lepage Arteam Realty,Apr-30-2019,57
Royal Lepage Arteam Realty,May-31-2019,59
Royal Lepage Arteam Realty,Jun-30-2019,60
Royal Lepage Arteam Realty,Jul-31-2019,59
Royal Lepage Arteam Realty,Aug-31-2019,60
Royal Lepage Arteam Realty,Sep-30-2019,67
Royal Lepage Arteam Realty,Oct-31-2019,65
Royal Lepage Arteam Realty,Nov-30-2019,67
Royal Lepage Arteam Realty,Dec-31-2019,67
Royal Lepage Arteam Realty,Jan-31-2018,67
Royal Lepage Arteam Realty,Feb-28-2018,63
Royal Lepage Arteam Realty,Mar-31-2018,64
Royal Lepage Arteam Realty,Apr-30-2018,66
Royal Lepage Arteam Realty,May-31-2018,
Royal Lepage Arteam Realty,Jun-30-2018,
Royal Lepage Arteam Realty,Jul-31-2018,
Royal Lepage Arteam Realty,Aug-31-2018,
Royal Lepage Arteam Realty,Sep-30-2018,
Royal Lepage Arteam Realty,Oct-31-2018,
Royal Lepage Arteam Realty,Nov-30-2018,
Royal Lepage Arteam Realty,Dec-31-2018,
Royal Lepage Arteam Realty,Jan-31-2017,
MaxWell Progressive,Jan-31-2024,107
MaxWell Progressive,Feb-29-2024,107
MaxWell Progressive,Mar-31-2024,107
MaxWell Progressive,Apr-30-2024,106
MaxWell Progressive,May-31-2024,107
MaxWell Progressive,Jun-30-2024,106
MaxWell Progressive,Jul-31-2024,107
MaxWell Progressive,Aug-31-2024,107
MaxWell Progressive,Sep-30-2024,108
MaxWell Progressive,Oct-31-2024,109
MaxWell Progressive,Nov-30-2024,114
MaxWell Progressive,Dec-31-2024,116
MaxWell Progressive,Jan-31-2023,120
MaxWell Progressive,Feb-28-2023,122
MaxWell Progressive,Mar-31-2023,121
MaxWell Progressive,Apr-30-2023,123
MaxWell Progressive,May-31-2023,130
MaxWell Progressive,Jun-30-2023,130
MaxWell Progressive,Jul-31-2023,129
MaxWell Progressive,Aug-31-2023,129
MaxWell Progressive,Sep-30-2023,130
MaxWell Progressive,Oct-31-2023,133
MaxWell Progressive,Nov-30-2023,130
MaxWell Progressive,Dec-31-2023,132
MaxWell Progressive,Jan-31-2022,126
MaxWell Progressive,Feb-28-2022,126
MaxWell Progressive,Mar-31-2022,126
MaxWell Progressive,Apr-30-2022,126
MaxWell Progressive,May-31-2022,127
MaxWell Progressive,Jun-30-2022,126
MaxWell Progressive,Jul-31-2022,129
MaxWell Progressive,Aug-31-2022,131
MaxWell Progressive,Sep-30-2022,129
MaxWell Progressive,Oct-31-2022,134
MaxWell Progressive,Nov-30-2022,132
MaxWell Progressive,Dec-31-2022,133
MaxWell Progressive,Jan-31-2021,132
MaxWell Progressive,Feb-28-2021,130
MaxWell Progressive,Mar-31-2021,130
MaxWell Progressive,Apr-30-2021,129
MaxWell Progressive,May-31-2021,127
MaxWell Progressive,Jun-30-2021,122
MaxWell Progressive,Jul-31-2021,117
MaxWell Progressive,Aug-31-2021,118
MaxWell Progressive,Sep-30-2021,115
MaxWell Progressive,Oct-31-2021,111
MaxWell Progressive,Nov-30-2021,110
MaxWell Progressive,Dec-31-2021,108
MaxWell Progressive,Jan-31-2020,109
MaxWell Progressive,Feb-29-2020,109
MaxWell Progressive,Mar-31-2020,107
MaxWell Progressive,Apr-30-2020,106
MaxWell Progressive,May-31-2020,107
MaxWell Progressive,Jun-30-2020,110
MaxWell Progressive,Jul-31-2020,115
MaxWell Progressive,Aug-31-2020,118
MaxWell Progressive,Sep-30-2020,116
MaxWell Progressive,Oct-31-2020,120
MaxWell Progressive,Nov-30-2020,118
MaxWell Progressive,Dec-31-2020,108
MaxWell Progressive,Jan-31-2019,108
MaxWell Progressive,Feb-28-2019,108
MaxWell Progressive,Mar-31-2019,110
MaxWell Progressive,Apr-30-2019,109
MaxWell Progressive,May-31-2019,108
MaxWell Progressive,Jun-30-2019,106
MaxWell Progressive,Jul-31-2019,105
MaxWell Progressive,Aug-31-2019,104
MaxWell Progressive,Sep-30-2019,104
MaxWell Progressive,Oct-31-2019,102
MaxWell Progressive,Nov-30-2019,111
MaxWell Progressive,Dec-31-2019,108
MaxWell Progressive,Jan-31-2018,107
MaxWell Progressive,Feb-28-2018,104
MaxWell Progressive,Mar-31-2018,98
MaxWell Progressive,Apr-30-2018,
MaxWell Progressive,May-31-2018,
MaxWell Progressive,Jun-30-2018,
MaxWell Progressive,Jul-31-2018,
MaxWell Progressive,Aug-31-2018,
MaxWell Progressive,Sep-30-2018,
MaxWell Progressive,Oct-31-2018,
MaxWell Progressive,Nov-30-2018,
MaxWell Progressive,Dec-31-2018,
MaxWell Progressive,Jan-31-2017,
Century 21 Masters,Jan-31-2024,133
Century 21 Masters,Feb-29-2024,151
Century 21 Masters,Mar-31-2024,139
Century 21 Masters,Apr-30-2024,140
Century 21 Masters,May-31-2024,143
Century 21 Masters,Jun-30-2024,141
Century 21 Masters,Jul-31-2024,139
Century 21 Masters,Aug-31-2024,138
Century 21 Masters,Sep-30-2024,130
Century 21 Masters,Oct-31-2024,127
Century 21 Masters,Nov-30-2024,128
Century 21 Masters,Dec-31-2024,130
Century 21 Masters,Jan-31-2023,131
Century 21 Masters,Feb-28-2023,130
Century 21 Masters,Mar-31-2023,129
Century 21 Masters,Apr-30-2023,127
Century 21 Masters,May-31-2023,125
Century 21 Masters,Jun-30-2023,124
Century 21 Masters,Jul-31-2023,123
Century 21 Masters,Aug-31-2023,124
Century 21 Masters,Sep-30-2023,121
Century 21 Masters,Oct-31-2023,120
Century 21 Masters,Nov-30-2023,119
Century 21 Masters,Dec-31-2023,118
Century 21 Masters,Jan-31-2022,114
Century 21 Masters,Feb-28-2022,114
Century 21 Masters,Mar-31-2022,113
Century 21 Masters,Apr-30-2022,113
Century 21 Masters,May-31-2022,113
Century 21 Masters,Jun-30-2022,112
Century 21 Masters,Jul-31-2022,107
Century 21 Masters,Aug-31-2022,104
Century 21 Masters,Sep-30-2022,106
Century 21 Masters,Oct-31-2022,106
Century 21 Masters,Nov-30-2022,105
Century 21 Masters,Dec-31-2022,107
Century 21 Masters,Jan-31-2021,106
Century 21 Masters,Feb-28-2021,107
Century 21 Masters,Mar-31-2021,112
Century 21 Masters,Apr-30-2021,112
Century 21 Masters,May-31-2021,109
Century 21 Masters,Jun-30-2021,107
Century 21 Masters,Jul-31-2021,104
Century 21 Masters,Aug-31-2021,102
Century 21 Masters,Sep-30-2021,101
Century 21 Masters,Oct-31-2021,81
Century 21 Masters,Nov-30-2021,80
Century 21 Masters,Dec-31-2021,80
Century 21 Masters,Jan-31-2020,82
Century 21 Masters,Feb-29-2020,81
Century 21 Masters,Mar-31-2020,81
Century 21 Masters,Apr-30-2020,82
Century 21 Masters,May-31-2020,86
Century 21 Masters,Jun-30-2020,85
Century 21 Masters,Jul-31-2020,86
Century 21 Masters,Aug-31-2020,86
Century 21 Masters,Sep-30-2020,86
Century 21 Masters,Oct-31-2020,86
Century 21 Masters,Nov-30-2020,85
Century 21 Masters,Dec-31-2020,89
Century 21 Masters,Jan-31-2019,89
Century 21 Masters,Feb-28-2019,88
Century 21 Masters,Mar-31-2019,86
Century 21 Masters,Apr-30-2019,86
Century 21 Masters,May-31-2019,86
Century 21 Masters,Jun-30-2019,86
Century 21 Masters,Jul-31-2019,86
Century 21 Masters,Aug-31-2019,89
Century 21 Masters,Sep-30-2019,89
Century 21 Masters,Oct-31-2019,91
Century 21 Masters,Nov-30-2019,91
Century 21 Masters,Dec-31-2019,92
Century 21 Masters,Jan-31-2018,94
Century 21 Masters,Feb-28-2018,95
Century 21 Masters,Mar-31-2018,
Century 21 Masters,Apr-30-2018,
Century 21 Masters,May-31-2018,
Century 21 Masters,Jun-30-2018,
Century 21 Masters,Jul-31-2018,
Century 21 Masters,Aug-31-2018,
Century 21 Masters,Sep-30-2018,
Century 21 Masters,Oct-31-2018,
Century 21 Masters,Nov-30-2018,
Century 21 Masters,Dec-31-2018,
Century 21 Masters,Jan-31-2017,
Sterling Real Estate,Jan-31-2024,102
Sterling Real Estate,Feb-29-2024,102
Sterling Real Estate,Mar-31-2024,100
Sterling Real Estate,Apr-30-2024,99
Sterling Real Estate,May-31-2024,103
Sterling Real Estate,Jun-30-2024,101
Sterling Real Estate,Jul-31-2024,98
Sterling Real Estate,Aug-31-2024,97
Sterling Real Estate,Sep-30-2024,94
Sterling Real Estate,Oct-31-2024,95
Sterling Real Estate,Nov-30-2024,94
Sterling Real Estate,Dec-31-2024,97
Sterling Real Estate,Jan-31-2023,98
Sterling Real Estate,Feb-28-2023,97
Sterling Real Estate,Mar-31-2023,97
Sterling Real Estate,Apr-30-2023,97
Sterling Real Estate,May-31-2023,102
Sterling Real Estate,Jun-30-2023,100
Sterling Real Estate,Jul-31-2023,99
Sterling Real Estate,Aug-31-2023,98
Sterling Real Estate,Sep-30-2023,98
Sterling Real Estate,Oct-31-2023,101
Sterling Real Estate,Nov-30-2023,100
Sterling Real Estate,Dec-31-2023,100
Sterling Real Estate,Jan-31-2022,105
Sterling Real Estate,Feb-28-2022,104
Sterling Real Estate,Mar-31-2022,103
Sterling Real Estate,Apr-30-2022,106
Sterling Real Estate,May-31-2022,105
Sterling Real Estate,Jun-30-2022,106
Sterling Real Estate,Jul-31-2022,105
Sterling Real Estate,Aug-31-2022,102
Sterling Real Estate,Sep-30-2022,103
Sterling Real Estate,Oct-31-2022,104
Sterling Real Estate,Nov-30-2022,102
Sterling Real Estate,Dec-31-2022,100
Sterling Real Estate,Jan-31-2021,100
Sterling Real Estate,Feb-28-2021,97
Sterling Real Estate,Mar-31-2021,104
Sterling Real Estate,Apr-30-2021,105
Sterling Real Estate,May-31-2021,107
Sterling Real Estate,Jun-30-2021,108
Sterling Real Estate,Jul-31-2021,107
Sterling Real Estate,Aug-31-2021,106
Sterling Real Estate,Sep-30-2021,106
Sterling Real Estate,Oct-31-2021,102
Sterling Real Estate,Nov-30-2021,100
Sterling Real Estate,Dec-31-2021,99
Sterling Real Estate,Jan-31-2020,99
Sterling Real Estate,Feb-29-2020,99
Sterling Real Estate,Mar-31-2020,98
Sterling Real Estate,Apr-30-2020,106
Sterling Real Estate,May-31-2020,101
Sterling Real Estate,Jun-30-2020,103
Sterling Real Estate,Jul-31-2020,102
Sterling Real Estate,Aug-31-2020,104
Sterling Real Estate,Sep-30-2020,104
Sterling Real Estate,Oct-31-2020,104
Sterling Real Estate,Nov-30-2020,98
Sterling Real Estate,Dec-31-2020,105
Sterling Real Estate,Jan-31-2019,105
Sterling Real Estate,Feb-28-2019,105
Sterling Real Estate,Mar-31-2019,103
Sterling Real Estate,Apr-30-2019,103
Sterling Real Estate,May-31-2019,103
Sterling Real Estate,Jun-30-2019,102
Sterling Real Estate,Jul-31-2019,100
Sterling Real Estate,Aug-31-2019,99
Sterling Real Estate,Sep-30-2019,103
Sterling Real Estate,Oct-31-2019,98
Sterling Real Estate,Nov-30-2019,102
Sterling Real Estate,Dec-31-2019,102
Sterling Real Estate,Jan-31-2018,102
Sterling Real Estate,Feb-28-2018,104
Sterling Real Estate,Mar-31-2018,97
Sterling Real Estate,Apr-30-2018,104
Sterling Real Estate,May-31-2018,
Sterling Real Estate,Jun-30-2018,
Sterling Real Estate,Jul-31-2018,
Sterling Real Estate,Aug-31-2018,
Sterling Real Estate,Sep-30-2018,
Sterling Real Estate,Oct-31-2018,
Sterling Real Estate,Nov-30-2018,
Sterling Real Estate,Dec-31-2018,
Sterling Real Estate,Jan-31-2017,
Century 21 All Stars Realty Ltd,Jan-31-2024,97
Century 21 All Stars Realty Ltd,Feb-29-2024,106
Century 21 All Stars Realty Ltd,Mar-31-2024,106
Century 21 All Stars Realty Ltd,Apr-30-2024,106
Century 21 All Stars Realty Ltd,May-31-2024,107
Century 21 All Stars Realty Ltd,Jun-30-2024,106
Century 21 All Stars Realty Ltd,Jul-31-2024,107
Century 21 All Stars Realty Ltd,Aug-31-2024,110
Century 21 All Stars Realty Ltd,Sep-30-2024,111
Century 21 All Stars Realty Ltd,Oct-31-2024,111
Century 21 All Stars Realty Ltd,Nov-30-2024,111
Century 21 All Stars Realty Ltd,Dec-31-2024,105
Century 21 All Stars Realty Ltd,Jan-31-2023,107
Century 21 All Stars Realty Ltd,Feb-28-2023,107
Century 21 All Stars Realty Ltd,Mar-31-2023,105
Century 21 All Stars Realty Ltd,Apr-30-2023,103
Century 21 All Stars Realty Ltd,May-31-2023,104
Century 21 All Stars Realty Ltd,Jun-30-2023,105
Century 21 All Stars Realty Ltd,Jul-31-2023,104
Century 21 All Stars Realty Ltd,Aug-31-2023,102
Century 21 All Stars Realty Ltd,Sep-30-2023,101
Century 21 All Stars Realty Ltd,Oct-31-2023,105
Century 21 All Stars Realty Ltd,Nov-30-2023,105
Century 21 All Stars Realty Ltd,Dec-31-2023,108
Century 21 All Stars Realty Ltd,Jan-31-2022,107
Century 21 All Stars Realty Ltd,Feb-28-2022,106
Century 21 All Stars Realty Ltd,Mar-31-2022,106
Century 21 All Stars Realty Ltd,Apr-30-2022,106
Century 21 All Stars Realty Ltd,May-31-2022,107
Century 21 All Stars Realty Ltd,Jun-30-2022,109
Century 21 All Stars Realty Ltd,Jul-31-2022,110
Century 21 All Stars Realty Ltd,Aug-31-2022,111
Century 21 All Stars Realty Ltd,Sep-30-2022,107
Century 21 All Stars Realty Ltd,Oct-31-2022,107
Century 21 All Stars Realty Ltd,Nov-30-2022,108
Century 21 All Stars Realty Ltd,Dec-31-2022,106
Century 21 All Stars Realty Ltd,Jan-31-2021,104
Century 21 All Stars Realty Ltd,Feb-28-2021,104
Century 21 All Stars Realty Ltd,Mar-31-2021,104
Century 21 All Stars Realty Ltd,Apr-30-2021,105
Century 21 All Stars Realty Ltd,May-31-2021,101
Century 21 All Stars Realty Ltd,Jun-30-2021,97
Century 21 All Stars Realty Ltd,Jul-31-2021,95
Century 21 All Stars Realty Ltd,Aug-31-2021,95
Century 21 All Stars Realty Ltd,Sep-30-2021,95
Century 21 All Stars Realty Ltd,Oct-31-2021,93
Century 21 All Stars Realty Ltd,Nov-30-2021,93
Century 21 All Stars Realty Ltd,Dec-31-2021,93
Century 21 All Stars Realty Ltd,Jan-31-2020,93
Century 21 All Stars Realty Ltd,Feb-29-2020,93
Century 21 All Stars Realty Ltd,Mar-31-2020,89
Century 21 All Stars Realty Ltd,Apr-30-2020,91
Century 21 All Stars Realty Ltd,May-31-2020,92
Century 21 All Stars Realty Ltd,Jun-30-2020,92
Century 21 All Stars Realty Ltd,Jul-31-2020,97
Century 21 All Stars Realty Ltd,Aug-31-2020,96
Century 21 All Stars Realty Ltd,Sep-30-2020,96
Century 21 All Stars Realty Ltd,Oct-31-2020,96
Century 21 All Stars Realty Ltd,Nov-30-2020,96
Century 21 All Stars Realty Ltd,Dec-31-2020,98
Century 21 All Stars Realty Ltd,Jan-31-2019,98
Century 21 All Stars Realty Ltd,Feb-28-2019,101
Century 21 All Stars Realty Ltd,Mar-31-2019,102
Century 21 All Stars Realty Ltd,Apr-30-2019,102
Century 21 All Stars Realty Ltd,May-31-2019,102
Century 21 All Stars Realty Ltd,Jun-30-2019,102
Century 21 All Stars Realty Ltd,Jul-31-2019,103
Century 21 All Stars Realty Ltd,Aug-31-2019,102
Century 21 All Stars Realty Ltd,Sep-30-2019,101
Century 21 All Stars Realty Ltd,Oct-31-2019,
Century 21 All Stars Realty Ltd,Nov-30-2019,
Century 21 All Stars Realty Ltd,Dec-31-2019,
Century 21 All Stars Realty Ltd,Jan-31-2018,
Century 21 All Stars Realty Ltd,Feb-28-2018,
Century 21 All Stars Realty Ltd,Mar-31-2018,
Century 21 All Stars Realty Ltd,Apr-30-2018,
Century 21 All Stars Realty Ltd,May-31-2018,
Century 21 All Stars Realty Ltd,Jun-30-2018,
Century 21 All Stars Realty Ltd,Jul-31-2018,
Century 21 All Stars Realty Ltd,Aug-31-2018,
Century 21 All Stars Realty Ltd,Sep-30-2018,
Century 21 All Stars Realty Ltd,Oct-31-2018,
Century 21 All Stars Realty Ltd,Nov-30-2018,
Century 21 All Stars Realty Ltd,Dec-31-2018,
Century 21 All Stars Realty Ltd,Jan-31-2017,
Initia Real Estate,Jan-31-2024,289
Initia Real Estate,Feb-29-2024,297
Initia Real Estate,Mar-31-2024,284
Initia Real Estate,Apr-30-2024,271
Initia Real Estate,May-31-2024,261
Initia Real Estate,Jun-30-2024,250
Initia Real Estate,Jul-31-2024,233
Initia Real Estate,Aug-31-2024,232
Initia Real Estate,Sep-30-2024,221
Initia Real Estate,Oct-31-2024,213
Initia Real Estate,Nov-30-2024,209
Initia Real Estate,Dec-31-2024,203
Initia Real Estate,Jan-31-2023,198
Initia Real Estate,Feb-28-2023,195
Initia Real Estate,Mar-31-2023,193
Initia Real Estate,Apr-30-2023,184
Initia Real Estate,May-31-2023,186
Initia Real Estate,Jun-30-2023,179
Initia Real Estate,Jul-31-2023,171
Initia Real Estate,Aug-31-2023,160
Initia Real Estate,Sep-30-2023,158
Initia Real Estate,Oct-31-2023,157
Initia Real Estate,Nov-30-2023,143
Initia Real Estate,Dec-31-2023,138
Initia Real Estate,Jan-31-2022,128
Initia Real Estate,Feb-28-2022,124
Initia Real Estate,Mar-31-2022,117
Initia Real Estate,Apr-30-2022,119
Initia Real Estate,May-31-2022,117
Initia Real Estate,Jun-30-2022,118
Initia Real Estate,Jul-31-2022,109
Initia Real Estate,Aug-31-2022,102
Initia Real Estate,Sep-30-2022,101
Initia Real Estate,Oct-31-2022,102
Initia Real Estate,Nov-30-2022,
Initia Real Estate,Dec-31-2022,
Initia Real Estate,Jan-31-2021,
Initia Real Estate,Feb-28-2021,
Initia Real Estate,Mar-31-2021,
Initia Real Estate,Apr-30-2021,
Initia Real Estate,May-31-2021,
Initia Real Estate,Jun-30-2021,
Initia Real Estate,Jul-31-2021,
Initia Real Estate,Aug-31-2021,
Initia Real Estate,Sep-30-2021,
Initia Real Estate,Oct-31-2021,
Initia Real Estate,Nov-30-2021,
Initia Real Estate,Dec-31-2021,
Initia Real Estate,Jan-31-2020,
Initia Real Estate,Feb-29-2020,
Initia Real Estate,Mar-31-2020,
Initia Real Estate,Apr-30-2020,
Initia Real Estate,May-31-2020,
Initia Real Estate,Jun-30-2020,
Initia Real Estate,Jul-31-2020,
Initia Real Estate,Aug-31-2020,
Initia Real Estate,Sep-30-2020,
Initia Real Estate,Oct-31-2020,
Initia Real Estate,Nov-30-2020,
Initia Real Estate,Dec-31-2020,
Initia Real Estate,Jan-31-2019,
Initia Real Estate,Feb-28-2019,
Initia Real Estate,Mar-31-2019,
Initia Real Estate,Apr-30-2019,
Initia Real Estate,May-31-2019,
Initia Real Estate,Jun-30-2019,
Initia Real Estate,Jul-31-2019,
Initia Real Estate,Aug-31-2019,
Initia Real Estate,Sep-30-2019,
Initia Real Estate,Oct-31-2019,
Initia Real Estate,Nov-30-2019,
Initia Real Estate,Dec-31-2019,
Initia Real Estate,Jan-31-2018,
Initia Real Estate,Feb-28-2018,
Initia Real Estate,Mar-31-2018,
Initia Real Estate,Apr-30-2018,
Initia Real Estate,May-31-2018,
Initia Real Estate,Jun-30-2018,
Initia Real Estate,Jul-31-2018,
Initia Real Estate,Aug-31-2018,
Initia Real Estate,Sep-30-2018,
Initia Real Estate,Oct-31-2018,
Initia Real Estate,Nov-30-2018,
Initia Real Estate,Dec-31-2018,
Initia Real Estate,Jan-31-2017,
MaxWell Devonshire Realty,Jan-31-2024,112
MaxWell Devonshire Realty,Feb-29-2024,119
MaxWell Devonshire Realty,Mar-31-2024,117
MaxWell Devonshire Realty,Apr-30-2024,118
MaxWell Devonshire Realty,May-31-2024,119
MaxWell Devonshire Realty,Jun-30-2024,119
MaxWell Devonshire Realty,Jul-31-2024,117
MaxWell Devonshire Realty,Aug-31-2024,117
MaxWell Devonshire Realty,Sep-30-2024,113
MaxWell Devonshire Realty,Oct-31-2024,113
MaxWell Devonshire Realty,Nov-30-2024,111
MaxWell Devonshire Realty,Dec-31-2024,107
MaxWell Devonshire Realty,Jan-31-2023,107
MaxWell Devonshire Realty,Feb-28-2023,105
MaxWell Devonshire Realty,Mar-31-2023,103
MaxWell Devonshire Realty,Apr-30-2023,102
MaxWell Devonshire Realty,May-31-2023,106
MaxWell Devonshire Realty,Jun-30-2023,106
MaxWell Devonshire Realty,Jul-31-2023,106
MaxWell Devonshire Realty,Aug-31-2023,107
MaxWell Devonshire Realty,Sep-30-2023,107
MaxWell Devonshire Realty,Oct-31-2023,104
MaxWell Devonshire Realty,Nov-30-2023,102
MaxWell Devonshire Realty,Dec-31-2023,101
MaxWell Devonshire Realty,Jan-31-2022,101
MaxWell Devonshire Realty,Feb-28-2022,102
MaxWell Devonshire Realty,Mar-31-2022,102
MaxWell Devonshire Realty,Apr-30-2022,100
MaxWell Devonshire Realty,May-31-2022,98
MaxWell Devonshire Realty,Jun-30-2022,98
MaxWell Devonshire Realty,Jul-31-2022,98
MaxWell Devonshire Realty,Aug-31-2022,94
MaxWell Devonshire Realty,Sep-30-2022,95
MaxWell Devonshire Realty,Oct-31-2022,95
MaxWell Devonshire Realty,Nov-30-2022,93
MaxWell Devonshire Realty,Dec-31-2022,94
MaxWell Devonshire Realty,Jan-31-2021,91
MaxWell Devonshire Realty,Feb-28-2021,91
MaxWell Devonshire Realty,Mar-31-2021,94
MaxWell Devonshire Realty,Apr-30-2021,96
MaxWell Devonshire Realty,May-31-2021,94
MaxWell Devonshire Realty,Jun-30-2021,90
MaxWell Devonshire Realty,Jul-31-2021,88
MaxWell Devonshire Realty,Aug-31-2021,92
MaxWell Devonshire Realty,Sep-30-2021,90
MaxWell Devonshire Realty,Oct-31-2021,85
MaxWell Devonshire Realty,Nov-30-2021,83
MaxWell Devonshire Realty,Dec-31-2021,82
MaxWell Devonshire Realty,Jan-31-2020,84
MaxWell Devonshire Realty,Feb-29-2020,84
MaxWell Devonshire Realty,Mar-31-2020,83
MaxWell Devonshire Realty,Apr-30-2020,83
MaxWell Devonshire Realty,May-31-2020,83
MaxWell Devonshire Realty,Jun-30-2020,80
MaxWell Devonshire Realty,Jul-31-2020,83
MaxWell Devonshire Realty,Aug-31-2020,84
MaxWell Devonshire Realty,Sep-30-2020,80
MaxWell Devonshire Realty,Oct-31-2020,47
MaxWell Devonshire Realty,Nov-30-2020,41
MaxWell Devonshire Realty,Dec-31-2020,43
MaxWell Devonshire Realty,Jan-31-2019,43
MaxWell Devonshire Realty,Feb-28-2019,40
MaxWell Devonshire Realty,Mar-31-2019,40
MaxWell Devonshire Realty,Apr-30-2019,40
MaxWell Devonshire Realty,May-31-2019,38
MaxWell Devonshire Realty,Jun-30-2019,38
MaxWell Devonshire Realty,Jul-31-2019,36
MaxWell Devonshire Realty,Aug-31-2019,36
MaxWell Devonshire Realty,Sep-30-2019,
MaxWell Devonshire Realty,Oct-31-2019,
MaxWell Devonshire Realty,Nov-30-2019,
MaxWell Devonshire Realty,Dec-31-2019,
MaxWell Devonshire Realty,Jan-31-2018,
MaxWell Devonshire Realty,Feb-28-2018,
MaxWell Devonshire Realty,Mar-31-2018,
MaxWell Devonshire Realty,Apr-30-2018,
MaxWell Devonshire Realty,May-31-2018,
MaxWell Devonshire Realty,Jun-30-2018,
MaxWell Devonshire Realty,Jul-31-2018,
MaxWell Devonshire Realty,Aug-31-2018,
MaxWell Devonshire Realty,Sep-30-2018,
MaxWell Devonshire Realty,Oct-31-2018,
MaxWell Devonshire Realty,Nov-30-2018,
MaxWell Devonshire Realty,Dec-31-2018,
MaxWell Devonshire Realty,Jan-31-2017,
Maxwell Challenge Realty,Jan-31-2024,103
Maxwell Challenge Realty,Feb-29-2024,103
Maxwell Challenge Realty,Mar-31-2024,105
Maxwell Challenge Realty,Apr-30-2024,103
Maxwell Challenge Realty,May-31-2024,103
Maxwell Challenge Realty,Jun-30-2024,104
Maxwell Challenge Realty,Jul-31-2024,103
Maxwell Challenge Realty,Aug-31-2024,104
Maxwell Challenge Realty,Sep-30-2024,101
Maxwell Challenge Realty,Oct-31-2024,105
Maxwell Challenge Realty,Nov-30-2024,106
Maxwell Challenge Realty,Dec-31-2024,104
Maxwell Challenge Realty,Jan-31-2023,104
Maxwell Challenge Realty,Feb-28-2023,104
Maxwell Challenge Realty,Mar-31-2023,107
Maxwell Challenge Realty,Apr-30-2023,106
Maxwell Challenge Realty,May-31-2023,108
Maxwell Challenge Realty,Jun-30-2023,107
Maxwell Challenge Realty,Jul-31-2023,105
Maxwell Challenge Realty,Aug-31-2023,101
Maxwell Challenge Realty,Sep-30-2023,97
Maxwell Challenge Realty,Oct-31-2023,93
Maxwell Challenge Realty,Nov-30-2023,92
Maxwell Challenge Realty,Dec-31-2023,91
Maxwell Challenge Realty,Jan-31-2022,91
Maxwell Challenge Realty,Feb-28-2022,91
Maxwell Challenge Realty,Mar-31-2022,90
Maxwell Challenge Realty,Apr-30-2022,94
Maxwell Challenge Realty,May-31-2022,93
Maxwell Challenge Realty,Jun-30-2022,94
Maxwell Challenge Realty,Jul-31-2022,95
Maxwell Challenge Realty,Aug-31-2022,94
Maxwell Challenge Realty,Sep-30-2022,95
Maxwell Challenge Realty,Oct-31-2022,94
Maxwell Challenge Realty,Nov-30-2022,94
Maxwell Challenge Realty,Dec-31-2022,92
Maxwell Challenge Realty,Jan-31-2021,91
Maxwell Challenge Realty,Feb-28-2021,90
Maxwell Challenge Realty,Mar-31-2021,90
Maxwell Challenge Realty,Apr-30-2021,90
Maxwell Challenge Realty,May-31-2021,92
Maxwell Challenge Realty,Jun-30-2021,88
Maxwell Challenge Realty,Jul-31-2021,88
Maxwell Challenge Realty,Aug-31-2021,88
Maxwell Challenge Realty,Sep-30-2021,89
Maxwell Challenge Realty,Oct-31-2021,90
Maxwell Challenge Realty,Nov-30-2021,88
Maxwell Challenge Realty,Dec-31-2021,87
Maxwell Challenge Realty,Jan-31-2020,87
Maxwell Challenge Realty,Feb-29-2020,87
Maxwell Challenge Realty,Mar-31-2020,86
Maxwell Challenge Realty,Apr-30-2020,86
Maxwell Challenge Realty,May-31-2020,86
Maxwell Challenge Realty,Jun-30-2020,87
Maxwell Challenge Realty,Jul-31-2020,87
Maxwell Challenge Realty,Aug-31-2020,87
Maxwell Challenge Realty,Sep-30-2020,86
Maxwell Challenge Realty,Oct-31-2020,87
Maxwell Challenge Realty,Nov-30-2020,85
Maxwell Challenge Realty,Dec-31-2020,91
Maxwell Challenge Realty,Jan-31-2019,90
Maxwell Challenge Realty,Feb-28-2019,91
Maxwell Challenge Realty,Mar-31-2019,90
Maxwell Challenge Realty,Apr-30-2019,87
Maxwell Challenge Realty,May-31-2019,88
Maxwell Challenge Realty,Jun-30-2019,86
Maxwell Challenge Realty,Jul-31-2019,85
Maxwell Challenge Realty,Aug-31-2019,83
Maxwell Challenge Realty,Sep-30-2019,85
Maxwell Challenge Realty,Oct-31-2019,87
Maxwell Challenge Realty,Nov-30-2019,86
Maxwell Challenge Realty,Dec-31-2019,87
Maxwell Challenge Realty,Jan-31-2018,85
Maxwell Challenge Realty,Feb-28-2018,85
Maxwell Challenge Realty,Mar-31-2018,84
Maxwell Challenge Realty,Apr-30-2018,
Maxwell Challenge Realty,May-31-2018,
Maxwell Challenge Realty,Jun-30-2018,
Maxwell Challenge Realty,Jul-31-2018,
Maxwell Challenge Realty,Aug-31-2018,
Maxwell Challenge Realty,Sep-30-2018,
Maxwell Challenge Realty,Oct-31-2018,
Maxwell Challenge Realty,Nov-30-2018,
Maxwell Challenge Realty,Dec-31-2018,
Maxwell Challenge Realty,Jan-31-2017,
NOW Real Estate Group,Jan-31-2024,76
NOW Real Estate Group,Feb-29-2024,76
NOW Real Estate Group,Mar-31-2024,76
NOW Real Estate Group,Apr-30-2024,76
NOW Real Estate Group,May-31-2024,77
NOW Real Estate Group,Jun-30-2024,77
NOW Real Estate Group,Jul-31-2024,79
NOW Real Estate Group,Aug-31-2024,80
NOW Real Estate Group,Sep-30-2024,81
NOW Real Estate Group,Oct-31-2024,79
NOW Real Estate Group,Nov-30-2024,80
NOW Real Estate Group,Dec-31-2024,78
NOW Real Estate Group,Jan-31-2023,78
NOW Real Estate Group,Feb-28-2023,78
NOW Real Estate Group,Mar-31-2023,76
NOW Real Estate Group,Apr-30-2023,76
NOW Real Estate Group,May-31-2023,73
NOW Real Estate Group,Jun-30-2023,73
NOW Real Estate Group,Jul-31-2023,74
NOW Real Estate Group,Aug-31-2023,74
NOW Real Estate Group,Sep-30-2023,75
NOW Real Estate Group,Oct-31-2023,75
NOW Real Estate Group,Nov-30-2023,78
NOW Real Estate Group,Dec-31-2023,80
NOW Real Estate Group,Jan-31-2022,84
NOW Real Estate Group,Feb-28-2022,84
NOW Real Estate Group,Mar-31-2022,84
NOW Real Estate Group,Apr-30-2022,84
NOW Real Estate Group,May-31-2022,85
NOW Real Estate Group,Jun-30-2022,84
NOW Real Estate Group,Jul-31-2022,84
NOW Real Estate Group,Aug-31-2022,83
NOW Real Estate Group,Sep-30-2022,83
NOW Real Estate Group,Oct-31-2022,84
NOW Real Estate Group,Nov-30-2022,86
NOW Real Estate Group,Dec-31-2022,87
NOW Real Estate Group,Jan-31-2021,84
NOW Real Estate Group,Feb-28-2021,85
NOW Real Estate Group,Mar-31-2021,86
NOW Real Estate Group,Apr-30-2021,83
NOW Real Estate Group,May-31-2021,87
NOW Real Estate Group,Jun-30-2021,86
NOW Real Estate Group,Jul-31-2021,86
NOW Real Estate Group,Aug-31-2021,89
NOW Real Estate Group,Sep-30-2021,88
NOW Real Estate Group,Oct-31-2021,93
NOW Real Estate Group,Nov-30-2021,94
NOW Real Estate Group,Dec-31-2021,92
NOW Real Estate Group,Jan-31-2020,93
NOW Real Estate Group,Feb-29-2020,94
NOW Real Estate Group,Mar-31-2020,94
NOW Real Estate Group,Apr-30-2020,94
NOW Real Estate Group,May-31-2020,96
NOW Real Estate Group,Jun-30-2020,97
NOW Real Estate Group,Jul-31-2020,98
NOW Real Estate Group,Aug-31-2020,100
NOW Real Estate Group,Sep-30-2020,99
NOW Real Estate Group,Oct-31-2020,98
NOW Real Estate Group,Nov-30-2020,97
NOW Real Estate Group,Dec-31-2020,98
NOW Real Estate Group,Jan-31-2019,98
NOW Real Estate Group,Feb-28-2019,98
NOW Real Estate Group,Mar-31-2019,98
NOW Real Estate Group,Apr-30-2019,95
NOW Real Estate Group,May-31-2019,93
NOW Real Estate Group,Jun-30-2019,95
NOW Real Estate Group,Jul-31-2019,96
NOW Real Estate Group,Aug-31-2019,98
NOW Real Estate Group,Sep-30-2019,99
NOW Real Estate Group,Oct-31-2019,98
NOW Real Estate Group,Nov-30-2019,101
NOW Real Estate Group,Dec-31-2019,103
NOW Real Estate Group,Jan-31-2018,102
NOW Real Estate Group,Feb-28-2018,101
NOW Real Estate Group,Mar-31-2018,101
NOW Real Estate Group,Apr-30-2018,103
NOW Real Estate Group,May-31-2018,
NOW Real Estate Group,Jun-30-2018,
NOW Real Estate Group,Jul-31-2018,
NOW Real Estate Group,Aug-31-2018,
NOW Real Estate Group,Sep-30-2018,
NOW Real Estate Group,Oct-31-2018,
NOW Real Estate Group,Nov-30-2018,
NOW Real Estate Group,Dec-31-2018,
NOW Real Estate Group,Jan-31-2017,
YEGPro Realty,Jan-31-2024,69
YEGPro Realty,Feb-29-2024,86
YEGPro Realty,Mar-31-2024,84
YEGPro Realty,Apr-30-2024,82
YEGPro Realty,May-31-2024,81
YEGPro Realty,Jun-30-2024,81
YEGPro Realty,Jul-31-2024,81
YEGPro Realty,Aug-31-2024,80
YEGPro Realty,Sep-30-2024,77
YEGPro Realty,Oct-31-2024,76
YEGPro Realty,Nov-30-2024,76
YEGPro Realty,Dec-31-2024,77
YEGPro Realty,Jan-31-2023,77
YEGPro Realty,Feb-28-2023,77
YEGPro Realty,Mar-31-2023,75
YEGPro Realty,Apr-30-2023,75
YEGPro Realty,May-31-2023,80
YEGPro Realty,Jun-30-2023,81
YEGPro Realty,Jul-31-2023,85
YEGPro Realty,Aug-31-2023,87
YEGPro Realty,Sep-30-2023,87
YEGPro Realty,Oct-31-2023,88
YEGPro Realty,Nov-30-2023,88
YEGPro Realty,Dec-31-2023,88
YEGPro Realty,Jan-31-2022,86
YEGPro Realty,Feb-28-2022,85
YEGPro Realty,Mar-31-2022,84
YEGPro Realty,Apr-30-2022,85
YEGPro Realty,May-31-2022,85
YEGPro Realty,Jun-30-2022,84
YEGPro Realty,Jul-31-2022,83
YEGPro Realty,Aug-31-2022,82
YEGPro Realty,Sep-30-2022,82
YEGPro Realty,Oct-31-2022,79
YEGPro Realty,Nov-30-2022,78
YEGPro Realty,Dec-31-2022,77
YEGPro Realty,Jan-31-2021,76
YEGPro Realty,Feb-28-2021,76
YEGPro Realty,Mar-31-2021,79
YEGPro Realty,Apr-30-2021,78
YEGPro Realty,May-31-2021,73
YEGPro Realty,Jun-30-2021,72
YEGPro Realty,Jul-31-2021,71
YEGPro Realty,Aug-31-2021,69
YEGPro Realty,Sep-30-2021,69
YEGPro Realty,Oct-31-2021,74
YEGPro Realty,Nov-30-2021,74
YEGPro Realty,Dec-31-2021,74
YEGPro Realty,Jan-31-2020,65
YEGPro Realty,Feb-29-2020,66
YEGPro Realty,Mar-31-2020,65
YEGPro Realty,Apr-30-2020,65
YEGPro Realty,May-31-2020,62
YEGPro Realty,Jun-30-2020,61
YEGPro Realty,Jul-31-2020,64
YEGPro Realty,Aug-31-2020,66
YEGPro Realty,Sep-30-2020,65
YEGPro Realty,Oct-31-2020,65
YEGPro Realty,Nov-30-2020,63
YEGPro Realty,Dec-31-2020,65
YEGPro Realty,Jan-31-2019,66
YEGPro Realty,Feb-28-2019,57
YEGPro Realty,Mar-31-2019,56
YEGPro Realty,Apr-30-2019,54
YEGPro Realty,May-31-2019,55
YEGPro Realty,Jun-30-2019,51
YEGPro Realty,Jul-31-2019,51
YEGPro Realty,Aug-31-2019,52
YEGPro Realty,Sep-30-2019,49
YEGPro Realty,Oct-31-2019,
YEGPro Realty,Nov-30-2019,
YEGPro Realty,Dec-31-2019,
YEGPro Realty,Jan-31-2018,
YEGPro Realty,Feb-28-2018,
YEGPro Realty,Mar-31-2018,
YEGPro Realty,Apr-30-2018,
YEGPro Realty,May-31-2018,
YEGPro Realty,Jun-30-2018,
YEGPro Realty,Jul-31-2018,
YEGPro Realty,Aug-31-2018,
YEGPro Realty,Sep-30-2018,
YEGPro Realty,Oct-31-2018,
YEGPro Realty,Nov-30-2018,
YEGPro Realty,Dec-31-2018,
YEGPro Realty,Jan-31-2017,
Century 21 Leading,Jan-31-2024,55
Century 21 Leading,Feb-29-2024,55
Century 21 Leading,Mar-31-2024,55
Century 21 Leading,Apr-30-2024,52
Century 21 Leading,May-31-2024,52
Century 21 Leading,Jun-30-2024,53
Century 21 Leading,Jul-31-2024,51
Century 21 Leading,Aug-31-2024,50
Century 21 Leading,Sep-30-2024,49
Century 21 Leading,Oct-31-2024,52
Century 21 Leading,Nov-30-2024,52
Century 21 Leading,Dec-31-2024,54
Century 21 Leading,Jan-31-2023,54
Century 21 Leading,Feb-28-2023,54
Century 21 Leading,Mar-31-2023,53
Century 21 Leading,Apr-30-2023,53
Century 21 Leading,May-31-2023,55
Century 21 Leading,Jun-30-2023,56
Century 21 Leading,Jul-31-2023,56
Century 21 Leading,Aug-31-2023,56
Century 21 Leading,Sep-30-2023,53
Century 21 Leading,Oct-31-2023,57
Century 21 Leading,Nov-30-2023,58
Century 21 Leading,Dec-31-2023,56
Century 21 Leading,Jan-31-2022,56
Century 21 Leading,Feb-28-2022,57
Century 21 Leading,Mar-31-2022,55
Century 21 Leading,Apr-30-2022,57
Century 21 Leading,May-31-2022,57
Century 21 Leading,Jun-30-2022,
Century 21 Leading,Jul-31-2022,
Century 21 Leading,Aug-31-2022,
Century 21 Leading,Sep-30-2022,
Century 21 Leading,Oct-31-2022,
Century 21 Leading,Nov-30-2022,
Century 21 Leading,Dec-31-2022,
Century 21 Leading,Jan-31-2021,
Century 21 Leading,Feb-28-2021,
Century 21 Leading,Mar-31-2021,
Century 21 Leading,Apr-30-2021,
Century 21 Leading,May-31-2021,
Century 21 Leading,Jun-30-2021,
Century 21 Leading,Jul-31-2021,
Century 21 Leading,Aug-31-2021,
Century 21 Leading,Sep-30-2021,
Century 21 Leading,Oct-31-2021,
Century 21 Leading,Nov-30-2021,
Century 21 Leading,Dec-31-2021,
Century 21 Leading,Jan-31-2020,
Century 21 Leading,Feb-29-2020,
Century 21 Leading,Mar-31-2020,
Century 21 Leading,Apr-30-2020,
Century 21 Leading,May-31-2020,
Century 21 Leading,Jun-30-2020,
Century 21 Leading,Jul-31-2020,
Century 21 Leading,Aug-31-2020,
Century 21 Leading,Sep-30-2020,
Century 21 Leading,Oct-31-2020,
Century 21 Leading,Nov-30-2020,
Century 21 Leading,Dec-31-2020,
Century 21 Leading,Jan-31-2019,
Century 21 Leading,Feb-28-2019,
Century 21 Leading,Mar-31-2019,
Century 21 Leading,Apr-30-2019,
Century 21 Leading,May-31-2019,
Century 21 Leading,Jun-30-2019,
Century 21 Leading,Jul-31-2019,
Century 21 Leading,Aug-31-2019,
Century 21 Leading,Sep-30-2019,
Century 21 Leading,Oct-31-2019,
Century 21 Leading,Nov-30-2019,
Century 21 Leading,Dec-31-2019,
Century 21 Leading,Jan-31-2018,
Century 21 Leading,Feb-28-2018,
Century 21 Leading,Mar-31-2018,
Century 21 Leading,Apr-30-2018,
Century 21 Leading,May-31-2018,
Century 21 Leading,Jun-30-2018,
Century 21 Leading,Jul-31-2018,
Century 21 Leading,Aug-31-2018,
Century 21 Leading,Sep-30-2018,
Century 21 Leading,Oct-31-2018,
Century 21 Leading,Nov-30-2018,
Century 21 Leading,Dec-31-2018,
Century 21 Leading,Jan-31-2017,
RE/MAX Professionals,Jan-31-2024,36
RE/MAX Professionals,Feb-29-2024,37
RE/MAX Professionals,Mar-31-2024,37
RE/MAX Professionals,Apr-30-2024,37
RE/MAX Professionals,May-31-2024,39
RE/MAX Professionals,Jun-30-2024,39
RE/MAX Professionals,Jul-31-2024,39
RE/MAX Professionals,Aug-31-2024,41
RE/MAX Professionals,Sep-30-2024,41
RE/MAX Professionals,Oct-31-2024,41
RE/MAX Professionals,Nov-30-2024,41
RE/MAX Professionals,Dec-31-2024,43
RE/MAX Professionals,Jan-31-2023,44
RE/MAX Professionals,Feb-28-2023,46
RE/MAX Professionals,Mar-31-2023,48
RE/MAX Professionals,Apr-30-2023,51
RE/MAX Professionals,May-31-2023,53
RE/MAX Professionals,Jun-30-2023,53
RE/MAX Professionals,Jul-31-2023,51
RE/MAX Professionals,Aug-31-2023,51
RE/MAX Professionals,Sep-30-2023,51
RE/MAX Professionals,Oct-31-2023,51
RE/MAX Professionals,Nov-30-2023,49
RE/MAX Professionals,Dec-31-2023,49
RE/MAX Professionals,Jan-31-2022,49
RE/MAX Professionals,Feb-28-2022,51
RE/MAX Professionals,Mar-31-2022,55
RE/MAX Professionals,Apr-30-2022,57
RE/MAX Professionals,May-31-2022,60
RE/MAX Professionals,Jun-30-2022,61
RE/MAX Professionals,Jul-31-2022,61
RE/MAX Professionals,Aug-31-2022,60
RE/MAX Professionals,Sep-30-2022,61
RE/MAX Professionals,Oct-31-2022,60
RE/MAX Professionals,Nov-30-2022,61
RE/MAX Professionals,Dec-31-2022,62
RE/MAX Professionals,Jan-31-2021,56
RE/MAX Professionals,Feb-28-2021,54
RE/MAX Professionals,Mar-31-2021,52
RE/MAX Professionals,Apr-30-2021,51
RE/MAX Professionals,May-31-2021,52
RE/MAX Professionals,Jun-30-2021,51
RE/MAX Professionals,Jul-31-2021,51
RE/MAX Professionals,Aug-31-2021,53
RE/MAX Professionals,Sep-30-2021,52
RE/MAX Professionals,Oct-31-2021,49
RE/MAX Professionals,Nov-30-2021,50
RE/MAX Professionals,Dec-31-2021,50
RE/MAX Professionals,Jan-31-2020,44
RE/MAX Professionals,Feb-29-2020,44
RE/MAX Professionals,Mar-31-2020,43
RE/MAX Professionals,Apr-30-2020,47
RE/MAX Professionals,May-31-2020,51
RE/MAX Professionals,Jun-30-2020,51
RE/MAX Professionals,Jul-31-2020,52
RE/MAX Professionals,Aug-31-2020,54
RE/MAX Professionals,Sep-30-2020,53
RE/MAX Professionals,Oct-31-2020,53
RE/MAX Professionals,Nov-30-2020,52
RE/MAX Professionals,Dec-31-2020,56
RE/MAX Professionals,Jan-31-2019,57
RE/MAX Professionals,Feb-28-2019,57
RE/MAX Professionals,Mar-31-2019,57
RE/MAX Professionals,Apr-30-2019,57
RE/MAX Professionals,May-31-2019,58
RE/MAX Professionals,Jun-30-2019,59
RE/MAX Professionals,Jul-31-2019,57
RE/MAX Professionals,Aug-31-2019,55
RE/MAX Professionals,Sep-30-2019,59
RE/MAX Professionals,Oct-31-2019,58
RE/MAX Professionals,Nov-30-2019,59
RE/MAX Professionals,Dec-31-2019,60
RE/MAX Professionals,Jan-31-2018,59
RE/MAX Professionals,Feb-28-2018,59
RE/MAX Professionals,Mar-31-2018,
RE/MAX Professionals,Apr-30-2018,
RE/MAX Professionals,May-31-2018,
RE/MAX Professionals,Jun-30-2018,
RE/MAX Professionals,Jul-31-2018,
RE/MAX Professionals,Aug-31-2018,
RE/MAX Professionals,Sep-30-2018,
RE/MAX Professionals,Oct-31-2018,
RE/MAX Professionals,Nov-30-2018,
RE/MAX Professionals,Dec-31-2018,
RE/MAX Professionals,Jan-31-2017,
Liv Real Estate,Jan-31-2024,51
Liv Real Estate,Feb-29-2024,50
Liv Real Estate,Mar-31-2024,49
Liv Real Estate,Apr-30-2024,48
Liv Real Estate,May-31-2024,50
Liv Real Estate,Jun-30-2024,50
Liv Real Estate,Jul-31-2024,49
Liv Real Estate,Aug-31-2024,48
Liv Real Estate,Sep-30-2024,49
Liv Real Estate,Oct-31-2024,49
Liv Real Estate,Nov-30-2024,48
Liv Real Estate,Dec-31-2024,54
Liv Real Estate,Jan-31-2023,55
Liv Real Estate,Feb-28-2023,55
Liv Real Estate,Mar-31-2023,55
Liv Real Estate,Apr-30-2023,54
Liv Real Estate,May-31-2023,58
Liv Real Estate,Jun-30-2023,59
Liv Real Estate,Jul-31-2023,60
Liv Real Estate,Aug-31-2023,60
Liv Real Estate,Sep-30-2023,58
Liv Real Estate,Oct-31-2023,57
Liv Real Estate,Nov-30-2023,56
Liv Real Estate,Dec-31-2023,57
Liv Real Estate,Jan-31-2022,59
Liv Real Estate,Feb-28-2022,57
Liv Real Estate,Mar-31-2022,55
Liv Real Estate,Apr-30-2022,54
Liv Real Estate,May-31-2022,53
Liv Real Estate,Jun-30-2022,53
Liv Real Estate,Jul-31-2022,54
Liv Real Estate,Aug-31-2022,54
Liv Real Estate,Sep-30-2022,53
Liv Real Estate,Oct-31-2022,52
Liv Real Estate,Nov-30-2022,52
Liv Real Estate,Dec-31-2022,52
Liv Real Estate,Jan-31-2021,47
Liv Real Estate,Feb-28-2021,47
Liv Real Estate,Mar-31-2021,46
Liv Real Estate,Apr-30-2021,47
Liv Real Estate,May-31-2021,43
Liv Real Estate,Jun-30-2021,43
Liv Real Estate,Jul-31-2021,42
Liv Real Estate,Aug-31-2021,40
Liv Real Estate,Sep-30-2021,39
Liv Real Estate,Oct-31-2021,41
Liv Real Estate,Nov-30-2021,43
Liv Real Estate,Dec-31-2021,42
Liv Real Estate,Jan-31-2020,42
Liv Real Estate,Feb-29-2020,40
Liv Real Estate,Mar-31-2020,40
Liv Real Estate,Apr-30-2020,40
Liv Real Estate,May-31-2020,39
Liv Real Estate,Jun-30-2020,39
Liv Real Estate,Jul-31-2020,39
Liv Real Estate,Aug-31-2020,38
Liv Real Estate,Sep-30-2020,38
Liv Real Estate,Oct-31-2020,38
Liv Real Estate,Nov-30-2020,38
Liv Real Estate,Dec-31-2020,37
Liv Real Estate,Jan-31-2019,37
Liv Real Estate,Feb-28-2019,37
Liv Real Estate,Mar-31-2019,37
Liv Real Estate,Apr-30-2019,37
Liv Real Estate,May-31-2019,37
Liv Real Estate,Jun-30-2019,37
Liv Real Estate,Jul-31-2019,37
Liv Real Estate,Aug-31-2019,36
Liv Real Estate,Sep-30-2019,34
Liv Real Estate,Oct-31-2019,33
Liv Real Estate,Nov-30-2019,33
Liv Real Estate,Dec-31-2019,33
Liv Real Estate,Jan-31-2018,32
Liv Real Estate,Feb-28-2018,32
Liv Real Estate,Mar-31-2018,
Liv Real Estate,Apr-30-2018,
Liv Real Estate,May-31-2018,
Liv Real Estate,Jun-30-2018,
Liv Real Estate,Jul-31-2018,
Liv Real Estate,Aug-31-2018,
Liv Real Estate,Sep-30-2018,
Liv Real Estate,Oct-31-2018,
Liv Real Estate,Nov-30-2018,
Liv Real Estate,Dec-31-2018,
Liv Real Estate,Jan-31-2017,
RE/MAX PREFERRED CHOICE,Jan-31-2024,29
RE/MAX PREFERRED CHOICE,Feb-29-2024,29
RE/MAX PREFERRED CHOICE,Mar-31-2024,29
RE/MAX PREFERRED CHOICE,Apr-30-2024,29
RE/MAX PREFERRED CHOICE,May-31-2024,29
RE/MAX PREFERRED CHOICE,Jun-30-2024,30
RE/MAX PREFERRED CHOICE,Jul-31-2024,30
RE/MAX PREFERRED CHOICE,Aug-31-2024,30
RE/MAX PREFERRED CHOICE,Sep-30-2024,30
RE/MAX PREFERRED CHOICE,Oct-31-2024,29
RE/MAX PREFERRED CHOICE,Nov-30-2024,28
RE/MAX PREFERRED CHOICE,Dec-31-2024,28
RE/MAX PREFERRED CHOICE,Jan-31-2023,28
RE/MAX PREFERRED CHOICE,Feb-28-2023,30
RE/MAX PREFERRED CHOICE,Mar-31-2023,30
RE/MAX PREFERRED CHOICE,Apr-30-2023,31
RE/MAX PREFERRED CHOICE,May-31-2023,31
RE/MAX PREFERRED CHOICE,Jun-30-2023,31
RE/MAX PREFERRED CHOICE,Jul-31-2023,30
RE/MAX PREFERRED CHOICE,Aug-31-2023,31
RE/MAX PREFERRED CHOICE,Sep-30-2023,31
RE/MAX PREFERRED CHOICE,Oct-31-2023,31
RE/MAX PREFERRED CHOICE,Nov-30-2023,32
RE/MAX PREFERRED CHOICE,Dec-31-2023,32
RE/MAX PREFERRED CHOICE,Jan-31-2022,31
RE/MAX PREFERRED CHOICE,Feb-28-2022,31
RE/MAX PREFERRED CHOICE,Mar-31-2022,32
RE/MAX PREFERRED CHOICE,Apr-30-2022,34
RE/MAX PREFERRED CHOICE,May-31-2022,33
RE/MAX PREFERRED CHOICE,Jun-30-2022,33
RE/MAX PREFERRED CHOICE,Jul-31-2022,33
RE/MAX PREFERRED CHOICE,Aug-31-2022,33
RE/MAX PREFERRED CHOICE,Sep-30-2022,33
RE/MAX PREFERRED CHOICE,Oct-31-2022,33
RE/MAX PREFERRED CHOICE,Nov-30-2022,33
RE/MAX PREFERRED CHOICE,Dec-31-2022,32
RE/MAX PREFERRED CHOICE,Jan-31-2021,31
RE/MAX PREFERRED CHOICE,Feb-28-2021,31
RE/MAX PREFERRED CHOICE,Mar-31-2021,31
RE/MAX PREFERRED CHOICE,Apr-30-2021,31
RE/MAX PREFERRED CHOICE,May-31-2021,30
RE/MAX PREFERRED CHOICE,Jun-30-2021,29
RE/MAX PREFERRED CHOICE,Jul-31-2021,29
RE/MAX PREFERRED CHOICE,Aug-31-2021,28
RE/MAX PREFERRED CHOICE,Sep-30-2021,28
RE/MAX PREFERRED CHOICE,Oct-31-2021,27
RE/MAX PREFERRED CHOICE,Nov-30-2021,27
RE/MAX PREFERRED CHOICE,Dec-31-2021,27
RE/MAX PREFERRED CHOICE,Jan-31-2020,28
RE/MAX PREFERRED CHOICE,Feb-29-2020,25
RE/MAX PREFERRED CHOICE,Mar-31-2020,24
RE/MAX PREFERRED CHOICE,Apr-30-2020,24
RE/MAX PREFERRED CHOICE,May-31-2020,24
RE/MAX PREFERRED CHOICE,Jun-30-2020,25
RE/MAX PREFERRED CHOICE,Jul-31-2020,25
RE/MAX PREFERRED CHOICE,Aug-31-2020,25
RE/MAX PREFERRED CHOICE,Sep-30-2020,
RE/MAX PREFERRED CHOICE,Oct-31-2020,
RE/MAX PREFERRED CHOICE,Nov-30-2020,
RE/MAX PREFERRED CHOICE,Dec-31-2020,
RE/MAX PREFERRED CHOICE,Jan-31-2019,
RE/MAX PREFERRED CHOICE,Feb-28-2019,
RE/MAX PREFERRED CHOICE,Mar-31-2019,
RE/MAX PREFERRED CHOICE,Apr-30-2019,
RE/MAX PREFERRED CHOICE,May-31-2019,
RE/MAX PREFERRED CHOICE,Jun-30-2019,
RE/MAX PREFERRED CHOICE,Jul-31-2019,
RE/MAX PREFERRED CHOICE,Aug-31-2019,
RE/MAX PREFERRED CHOICE,Sep-30-2019,
RE/MAX PREFERRED CHOICE,Oct-31-2019,
RE/MAX PREFERRED CHOICE,Nov-30-2019,
RE/MAX PREFERRED CHOICE,Dec-31-2019,
RE/MAX PREFERRED CHOICE,Jan-31-2018,
RE/MAX PREFERRED CHOICE,Feb-28-2018,
RE/MAX PREFERRED CHOICE,Mar-31-2018,
RE/MAX PREFERRED CHOICE,Apr-30-2018,
RE/MAX PREFERRED CHOICE,May-31-2018,
RE/MAX PREFERRED CHOICE,Jun-30-2018,
RE/MAX PREFERRED CHOICE,Jul-31-2018,
RE/MAX PREFERRED CHOICE,Aug-31-2018,
RE/MAX PREFERRED CHOICE,Sep-30-2018,
RE/MAX PREFERRED CHOICE,Oct-31-2018,
RE/MAX PREFERRED CHOICE,Nov-30-2018,
RE/MAX PREFERRED CHOICE,Dec-31-2018,
RE/MAX PREFERRED CHOICE,Jan-31-2017,
Mozaic Realty Group,Jan-31-2024,35
Mozaic Realty Group,Feb-29-2024,38
Mozaic Realty Group,Mar-31-2024,38
Mozaic Realty Group,Apr-30-2024,38
Mozaic Realty Group,May-31-2024,36
Mozaic Realty Group,Jun-30-2024,36
Mozaic Realty Group,Jul-31-2024,36
Mozaic Realty Group,Aug-31-2024,37
Mozaic Realty Group,Sep-30-2024,37
Mozaic Realty Group,Oct-31-2024,37
Mozaic Realty Group,Nov-30-2024,34
Mozaic Realty Group,Dec-31-2024,33
Mozaic Realty Group,Jan-31-2023,32
Mozaic Realty Group,Feb-28-2023,32
Mozaic Realty Group,Mar-31-2023,33
Mozaic Realty Group,Apr-30-2023,33
Mozaic Realty Group,May-31-2023,36
Mozaic Realty Group,Jun-30-2023,35
Mozaic Realty Group,Jul-31-2023,34
Mozaic Realty Group,Aug-31-2023,32
Mozaic Realty Group,Sep-30-2023,32
Mozaic Realty Group,Oct-31-2023,33
Mozaic Realty Group,Nov-30-2023,32
Mozaic Realty Group,Dec-31-2023,32
Mozaic Realty Group,Jan-31-2022,32
Mozaic Realty Group,Feb-28-2022,30
Mozaic Realty Group,Mar-31-2022,29
Mozaic Realty Group,Apr-30-2022,30
Mozaic Realty Group,May-31-2022,30
Mozaic Realty Group,Jun-30-2022,31
Mozaic Realty Group,Jul-31-2022,28
Mozaic Realty Group,Aug-31-2022,29
Mozaic Realty Group,Sep-30-2022,32
Mozaic Realty Group,Oct-31-2022,31
Mozaic Realty Group,Nov-30-2022,31
Mozaic Realty Group,Dec-31-2022,30
Mozaic Realty Group,Jan-31-2021,29
Mozaic Realty Group,Feb-28-2021,28
Mozaic Realty Group,Mar-31-2021,29
Mozaic Realty Group,Apr-30-2021,29
Mozaic Realty Group,May-31-2021,26
Mozaic Realty Group,Jun-30-2021,27
Mozaic Realty Group,Jul-31-2021,26
Mozaic Realty Group,Aug-31-2021,26
Mozaic Realty Group,Sep-30-2021,25
Mozaic Realty Group,Oct-31-2021,22
Mozaic Realty Group,Nov-30-2021,20
Mozaic Realty Group,Dec-31-2021,20
Mozaic Realty Group,Jan-31-2020,22
Mozaic Realty Group,Feb-29-2020,22
Mozaic Realty Group,Mar-31-2020,21
Mozaic Realty Group,Apr-30-2020,25
Mozaic Realty Group,May-31-2020,24
Mozaic Realty Group,Jun-30-2020,24
Mozaic Realty Group,Jul-31-2020,24
Mozaic Realty Group,Aug-31-2020,24
Mozaic Realty Group,Sep-30-2020,25
Mozaic Realty Group,Oct-31-2020,25
Mozaic Realty Group,Nov-30-2020,24
Mozaic Realty Group,Dec-31-2020,24
Mozaic Realty Group,Jan-31-2019,
Mozaic Realty Group,Feb-28-2019,
Mozaic Realty Group,Mar-31-2019,
Mozaic Realty Group,Apr-30-2019,
Mozaic Realty Group,May-31-2019,
Mozaic Realty Group,Jun-30-2019,
Mozaic Realty Group,Jul-31-2019,
Mozaic Realty Group,Aug-31-2019,
Mozaic Realty Group,Sep-30-2019,
Mozaic Realty Group,Oct-31-2019,
Mozaic Realty Group,Nov-30-2019,
Mozaic Realty Group,Dec-31-2019,
Mozaic Realty Group,Jan-31-2018,
Mozaic Realty Group,Feb-28-2018,
Mozaic Realty Group,Mar-31-2018,
Mozaic Realty Group,Apr-30-2018,
Mozaic Realty Group,May-31-2018,
Mozaic Realty Group,Jun-30-2018,
Mozaic Realty Group,Jul-31-2018,
Mozaic Realty Group,Aug-31-2018,
Mozaic Realty Group,Sep-30-2018,
Mozaic Realty Group,Oct-31-2018,
Mozaic Realty Group,Nov-30-2018,
Mozaic Realty Group,Dec-31-2018,
Mozaic Realty Group,Jan-31-2017,
REALTORS? Association of Edmonton,Jan-31-2024,2
REALTORS? Association of Edmonton,Feb-29-2024,1
REALTORS? Association of Edmonton,Mar-31-2024,1
REALTORS? Association of Edmonton,Apr-30-2024,1
REALTORS? Association of Edmonton,May-31-2024,1
REALTORS? Association of Edmonton,Jun-30-2024,1
REALTORS? Association of Edmonton,Jul-31-2024,1
REALTORS? Association of Edmonton,Aug-31-2024,1
REALTORS? Association of Edmonton,Sep-30-2024,1
REALTORS? Association of Edmonton,Oct-31-2024,1
REALTORS? Association of Edmonton,Nov-30-2024,1
REALTORS? Association of Edmonton,Dec-31-2024,1
REALTORS? Association of Edmonton,Jan-31-2023,1
REALTORS? Association of Edmonton,Feb-28-2023,1
REALTORS? Association of Edmonton,Mar-31-2023,1
REALTORS? Association of Edmonton,Apr-30-2023,0
REALTORS? Association of Edmonton,May-31-2023,0
REALTORS? Association of Edmonton,Jun-30-2023,0
REALTORS? Association of Edmonton,Jul-31-2023,0
REALTORS? Association of Edmonton,Aug-31-2023,0
REALTORS? Association of Edmonton,Sep-30-2023,0
REALTORS? Association of Edmonton,Oct-31-2023,0
REALTORS? Association of Edmonton,Nov-30-2023,5
REALTORS? Association of Edmonton,Dec-31-2023,23
REALTORS? Association of Edmonton,Jan-31-2022,23
REALTORS? Association of Edmonton,Feb-28-2022,24
REALTORS? Association of Edmonton,Mar-31-2022,23
REALTORS? Association of Edmonton,Apr-30-2022,23
REALTORS? Association of Edmonton,May-31-2022,23
REALTORS? Association of Edmonton,Jun-30-2022,23
REALTORS? Association of Edmonton,Jul-31-2022,25
REALTORS? Association of Edmonton,Aug-31-2022,26
REALTORS? Association of Edmonton,Sep-30-2022,25
REALTORS? Association of Edmonton,Oct-31-2022,24
REALTORS? Association of Edmonton,Nov-30-2022,26
REALTORS? Association of Edmonton,Dec-31-2022,27
REALTORS? Association of Edmonton,Jan-31-2021,29
REALTORS? Association of Edmonton,Feb-28-2021,29
REALTORS? Association of Edmonton,Mar-31-2021,27
REALTORS? Association of Edmonton,Apr-30-2021,26
REALTORS? Association of Edmonton,May-31-2021,24
REALTORS? Association of Edmonton,Jun-30-2021,23
REALTORS? Association of Edmonton,Jul-31-2021,22
REALTORS? Association of Edmonton,Aug-31-2021,21
REALTORS? Association of Edmonton,Sep-30-2021,20
REALTORS? Association of Edmonton,Oct-31-2021,21
REALTORS? Association of Edmonton,Nov-30-2021,20
REALTORS? Association of Edmonton,Dec-31-2021,20
REALTORS? Association of Edmonton,Jan-31-2020,22
REALTORS? Association of Edmonton,Feb-29-2020,23
REALTORS? Association of Edmonton,Mar-31-2020,21
REALTORS? Association of Edmonton,Apr-30-2020,20
REALTORS? Association of Edmonton,May-31-2020,20
REALTORS? Association of Edmonton,Jun-30-2020,20
REALTORS? Association of Edmonton,Jul-31-2020,21
REALTORS? Association of Edmonton,Aug-31-2020,21
REALTORS? Association of Edmonton,Sep-30-2020,21
REALTORS? Association of Edmonton,Oct-31-2020,21
REALTORS? Association of Edmonton,Nov-30-2020,21
REALTORS? Association of Edmonton,Dec-31-2020,22
REALTORS? Association of Edmonton,Jan-31-2019,
REALTORS? Association of Edmonton,Feb-28-2019,
REALTORS? Association of Edmonton,Mar-31-2019,
REALTORS? Association of Edmonton,Apr-30-2019,
REALTORS? Association of Edmonton,May-31-2019,
REALTORS? Association of Edmonton,Jun-30-2019,
REALTORS? Association of Edmonton,Jul-31-2019,
REALTORS? Association of Edmonton,Aug-31-2019,
REALTORS? Association of Edmonton,Sep-30-2019,
REALTORS? Association of Edmonton,Oct-31-2019,
REALTORS? Association of Edmonton,Nov-30-2019,
REALTORS? Association of Edmonton,Dec-31-2019,
REALTORS? Association of Edmonton,Jan-31-2018,
REALTORS? Association of Edmonton,Feb-28-2018,
REALTORS? Association of Edmonton,Mar-31-2018,
REALTORS? Association of Edmonton,Apr-30-2018,
REALTORS? Association of Edmonton,May-31-2018,
REALTORS? Association of Edmonton,Jun-30-2018,
REALTORS? Association of Edmonton,Jul-31-2018,
REALTORS? Association of Edmonton,Aug-31-2018,
REALTORS? Association of Edmonton,Sep-30-2018,
REALTORS? Association of Edmonton,Oct-31-2018,
REALTORS? Association of Edmonton,Nov-30-2018,
REALTORS? Association of Edmonton,Dec-31-2018,
REALTORS? Association of Edmonton,Jan-31-2017,
